[{"model": "auth.permission", "pk": 1, "fields": {"name": "Can add log entry", "content_type": 1, "codename": "add_logentry"}}, {"model": "auth.permission", "pk": 2, "fields": {"name": "Can change log entry", "content_type": 1, "codename": "change_logentry"}}, {"model": "auth.permission", "pk": 3, "fields": {"name": "Can delete log entry", "content_type": 1, "codename": "delete_logentry"}}, {"model": "auth.permission", "pk": 4, "fields": {"name": "Can view log entry", "content_type": 1, "codename": "view_logentry"}}, {"model": "auth.permission", "pk": 5, "fields": {"name": "Can add permission", "content_type": 3, "codename": "add_permission"}}, {"model": "auth.permission", "pk": 6, "fields": {"name": "Can change permission", "content_type": 3, "codename": "change_permission"}}, {"model": "auth.permission", "pk": 7, "fields": {"name": "Can delete permission", "content_type": 3, "codename": "delete_permission"}}, {"model": "auth.permission", "pk": 8, "fields": {"name": "Can view permission", "content_type": 3, "codename": "view_permission"}}, {"model": "auth.permission", "pk": 9, "fields": {"name": "Can add group", "content_type": 2, "codename": "add_group"}}, {"model": "auth.permission", "pk": 10, "fields": {"name": "Can change group", "content_type": 2, "codename": "change_group"}}, {"model": "auth.permission", "pk": 11, "fields": {"name": "Can delete group", "content_type": 2, "codename": "delete_group"}}, {"model": "auth.permission", "pk": 12, "fields": {"name": "Can view group", "content_type": 2, "codename": "view_group"}}, {"model": "auth.permission", "pk": 13, "fields": {"name": "Can add content type", "content_type": 4, "codename": "add_contenttype"}}, {"model": "auth.permission", "pk": 14, "fields": {"name": "Can change content type", "content_type": 4, "codename": "change_contenttype"}}, {"model": "auth.permission", "pk": 15, "fields": {"name": "Can delete content type", "content_type": 4, "codename": "delete_contenttype"}}, {"model": "auth.permission", "pk": 16, "fields": {"name": "Can view content type", "content_type": 4, "codename": "view_contenttype"}}, {"model": "auth.permission", "pk": 17, "fields": {"name": "Can add session", "content_type": 5, "codename": "add_session"}}, {"model": "auth.permission", "pk": 18, "fields": {"name": "Can change session", "content_type": 5, "codename": "change_session"}}, {"model": "auth.permission", "pk": 19, "fields": {"name": "Can delete session", "content_type": 5, "codename": "delete_session"}}, {"model": "auth.permission", "pk": 20, "fields": {"name": "Can view session", "content_type": 5, "codename": "view_session"}}, {"model": "auth.permission", "pk": 21, "fields": {"name": "Can add User", "content_type": 7, "codename": "add_account_user"}}, {"model": "auth.permission", "pk": 22, "fields": {"name": "Can change User", "content_type": 7, "codename": "change_account_user"}}, {"model": "auth.permission", "pk": 23, "fields": {"name": "Can delete User", "content_type": 7, "codename": "delete_account_user"}}, {"model": "auth.permission", "pk": 24, "fields": {"name": "Can view User", "content_type": 7, "codename": "view_account_user"}}, {"model": "auth.permission", "pk": 25, "fields": {"name": "Can add Academic Year", "content_type": 6, "codename": "add_academicyear"}}, {"model": "auth.permission", "pk": 26, "fields": {"name": "Can change Academic Year", "content_type": 6, "codename": "change_academicyear"}}, {"model": "auth.permission", "pk": 27, "fields": {"name": "Can delete Academic Year", "content_type": 6, "codename": "delete_academicyear"}}, {"model": "auth.permission", "pk": 28, "fields": {"name": "Can view Academic Year", "content_type": 6, "codename": "view_academicyear"}}, {"model": "auth.permission", "pk": 29, "fields": {"name": "Can add course", "content_type": 11, "codename": "add_course"}}, {"model": "auth.permission", "pk": 30, "fields": {"name": "Can change course", "content_type": 11, "codename": "change_course"}}, {"model": "auth.permission", "pk": 31, "fields": {"name": "Can delete course", "content_type": 11, "codename": "delete_course"}}, {"model": "auth.permission", "pk": 32, "fields": {"name": "Can view course", "content_type": 11, "codename": "view_course"}}, {"model": "auth.permission", "pk": 33, "fields": {"name": "Can add Faculty Profile", "content_type": 19, "codename": "add_faculty_profile"}}, {"model": "auth.permission", "pk": 34, "fields": {"name": "Can change Faculty Profile", "content_type": 19, "codename": "change_faculty_profile"}}, {"model": "auth.permission", "pk": 35, "fields": {"name": "Can delete Faculty Profile", "content_type": 19, "codename": "delete_faculty_profile"}}, {"model": "auth.permission", "pk": 36, "fields": {"name": "Can view Faculty Profile", "content_type": 19, "codename": "view_faculty_profile"}}, {"model": "auth.permission", "pk": 37, "fields": {"name": "Can add regulation", "content_type": 32, "codename": "add_regulation"}}, {"model": "auth.permission", "pk": 38, "fields": {"name": "Can change regulation", "content_type": 32, "codename": "change_regulation"}}, {"model": "auth.permission", "pk": 39, "fields": {"name": "Can delete regulation", "content_type": 32, "codename": "delete_regulation"}}, {"model": "auth.permission", "pk": 40, "fields": {"name": "Can view regulation", "content_type": 32, "codename": "view_regulation"}}, {"model": "auth.permission", "pk": 41, "fields": {"name": "Can add Student Profile", "content_type": 38, "codename": "add_student_profile"}}, {"model": "auth.permission", "pk": 42, "fields": {"name": "Can change Student Profile", "content_type": 38, "codename": "change_student_profile"}}, {"model": "auth.permission", "pk": 43, "fields": {"name": "Can delete Student Profile", "content_type": 38, "codename": "delete_student_profile"}}, {"model": "auth.permission", "pk": 44, "fields": {"name": "Can view Student Profile", "content_type": 38, "codename": "view_student_profile"}}, {"model": "auth.permission", "pk": 45, "fields": {"name": "Can add Student Achievement", "content_type": 37, "codename": "add_student_achievement"}}, {"model": "auth.permission", "pk": 46, "fields": {"name": "Can change Student Achievement", "content_type": 37, "codename": "change_student_achievement"}}, {"model": "auth.permission", "pk": 47, "fields": {"name": "Can delete Student Achievement", "content_type": 37, "codename": "delete_student_achievement"}}, {"model": "auth.permission", "pk": 48, "fields": {"name": "Can view Student Achievement", "content_type": 37, "codename": "view_student_achievement"}}, {"model": "auth.permission", "pk": 49, "fields": {"name": "Can add Semester", "content_type": 34, "codename": "add_semester"}}, {"model": "auth.permission", "pk": 50, "fields": {"name": "Can change Semester", "content_type": 34, "codename": "change_semester"}}, {"model": "auth.permission", "pk": 51, "fields": {"name": "Can delete Semester", "content_type": 34, "codename": "delete_semester"}}, {"model": "auth.permission", "pk": 52, "fields": {"name": "Can view Semester", "content_type": 34, "codename": "view_semester"}}, {"model": "auth.permission", "pk": 53, "fields": {"name": "Can add publication", "content_type": 29, "codename": "add_publication"}}, {"model": "auth.permission", "pk": 54, "fields": {"name": "Can change publication", "content_type": 29, "codename": "change_publication"}}, {"model": "auth.permission", "pk": 55, "fields": {"name": "Can delete publication", "content_type": 29, "codename": "delete_publication"}}, {"model": "auth.permission", "pk": 56, "fields": {"name": "Can view publication", "content_type": 29, "codename": "view_publication"}}, {"model": "auth.permission", "pk": 57, "fields": {"name": "Can add notification", "content_type": 25, "codename": "add_notification"}}, {"model": "auth.permission", "pk": 58, "fields": {"name": "Can change notification", "content_type": 25, "codename": "change_notification"}}, {"model": "auth.permission", "pk": 59, "fields": {"name": "Can delete notification", "content_type": 25, "codename": "delete_notification"}}, {"model": "auth.permission", "pk": 60, "fields": {"name": "Can view notification", "content_type": 25, "codename": "view_notification"}}, {"model": "auth.permission", "pk": 61, "fields": {"name": "Can add Non-Teaching Staff Profile", "content_type": 24, "codename": "add_nonteachingstaff_profile"}}, {"model": "auth.permission", "pk": 62, "fields": {"name": "Can change Non-Teaching Staff Profile", "content_type": 24, "codename": "change_nonteachingstaff_profile"}}, {"model": "auth.permission", "pk": 63, "fields": {"name": "Can delete Non-Teaching Staff Profile", "content_type": 24, "codename": "delete_nonteachingstaff_profile"}}, {"model": "auth.permission", "pk": 64, "fields": {"name": "Can view Non-Teaching Staff Profile", "content_type": 24, "codename": "view_nonteachingstaff_profile"}}, {"model": "auth.permission", "pk": 65, "fields": {"name": "Can add leave request", "content_type": 22, "codename": "add_leaverequest"}}, {"model": "auth.permission", "pk": 66, "fields": {"name": "Can change leave request", "content_type": 22, "codename": "change_leaverequest"}}, {"model": "auth.permission", "pk": 67, "fields": {"name": "Can delete leave request", "content_type": 22, "codename": "delete_leaverequest"}}, {"model": "auth.permission", "pk": 68, "fields": {"name": "Can view leave request", "content_type": 22, "codename": "view_leaverequest"}}, {"model": "auth.permission", "pk": 69, "fields": {"name": "Can add Lab Issue Log", "content_type": 21, "codename": "add_lab_issue_log"}}, {"model": "auth.permission", "pk": 70, "fields": {"name": "Can change Lab Issue Log", "content_type": 21, "codename": "change_lab_issue_log"}}, {"model": "auth.permission", "pk": 71, "fields": {"name": "Can delete Lab Issue Log", "content_type": 21, "codename": "delete_lab_issue_log"}}, {"model": "auth.permission", "pk": 72, "fields": {"name": "Can view Lab Issue Log", "content_type": 21, "codename": "view_lab_issue_log"}}, {"model": "auth.permission", "pk": 73, "fields": {"name": "Can add Feedback", "content_type": 20, "codename": "add_feedback"}}, {"model": "auth.permission", "pk": 74, "fields": {"name": "Can change Feedback", "content_type": 20, "codename": "change_feedback"}}, {"model": "auth.permission", "pk": 75, "fields": {"name": "Can delete Feedback", "content_type": 20, "codename": "delete_feedback"}}, {"model": "auth.permission", "pk": 76, "fields": {"name": "Can view Feedback", "content_type": 20, "codename": "view_feedback"}}, {"model": "auth.permission", "pk": 77, "fields": {"name": "Can add event", "content_type": 16, "codename": "add_event"}}, {"model": "auth.permission", "pk": 78, "fields": {"name": "Can change event", "content_type": 16, "codename": "change_event"}}, {"model": "auth.permission", "pk": 79, "fields": {"name": "Can delete event", "content_type": 16, "codename": "delete_event"}}, {"model": "auth.permission", "pk": 80, "fields": {"name": "Can view event", "content_type": 16, "codename": "view_event"}}, {"model": "auth.permission", "pk": 81, "fields": {"name": "Can add Course Assignment", "content_type": 12, "codename": "add_course_assignment"}}, {"model": "auth.permission", "pk": 82, "fields": {"name": "Can change Course Assignment", "content_type": 12, "codename": "change_course_assignment"}}, {"model": "auth.permission", "pk": 83, "fields": {"name": "Can delete Course Assignment", "content_type": 12, "codename": "delete_course_assignment"}}, {"model": "auth.permission", "pk": 84, "fields": {"name": "Can view Course Assignment", "content_type": 12, "codename": "view_course_assignment"}}, {"model": "auth.permission", "pk": 85, "fields": {"name": "Can add announcement", "content_type": 9, "codename": "add_announcement"}}, {"model": "auth.permission", "pk": 86, "fields": {"name": "Can change announcement", "content_type": 9, "codename": "change_announcement"}}, {"model": "auth.permission", "pk": 87, "fields": {"name": "Can delete announcement", "content_type": 9, "codename": "delete_announcement"}}, {"model": "auth.permission", "pk": 88, "fields": {"name": "Can view announcement", "content_type": 9, "codename": "view_announcement"}}, {"model": "auth.permission", "pk": 89, "fields": {"name": "Can add event registration", "content_type": 17, "codename": "add_eventregistration"}}, {"model": "auth.permission", "pk": 90, "fields": {"name": "Can change event registration", "content_type": 17, "codename": "change_eventregistration"}}, {"model": "auth.permission", "pk": 91, "fields": {"name": "Can delete event registration", "content_type": 17, "codename": "delete_eventregistration"}}, {"model": "auth.permission", "pk": 92, "fields": {"name": "Can view event registration", "content_type": 17, "codename": "view_eventregistration"}}, {"model": "auth.permission", "pk": 93, "fields": {"name": "Can add attendance", "content_type": 10, "codename": "add_attendance"}}, {"model": "auth.permission", "pk": 94, "fields": {"name": "Can change attendance", "content_type": 10, "codename": "change_attendance"}}, {"model": "auth.permission", "pk": 95, "fields": {"name": "Can delete attendance", "content_type": 10, "codename": "delete_attendance"}}, {"model": "auth.permission", "pk": 96, "fields": {"name": "Can view attendance", "content_type": 10, "codename": "view_attendance"}}, {"model": "auth.permission", "pk": 97, "fields": {"name": "Can add Question Paper Assignment", "content_type": 31, "codename": "add_questionpaperassignment"}}, {"model": "auth.permission", "pk": 98, "fields": {"name": "Can change Question Paper Assignment", "content_type": 31, "codename": "change_questionpaperassignment"}}, {"model": "auth.permission", "pk": 99, "fields": {"name": "Can delete Question Paper Assignment", "content_type": 31, "codename": "delete_questionpaperassignment"}}, {"model": "auth.permission", "pk": 100, "fields": {"name": "Can view Question Paper Assignment", "content_type": 31, "codename": "view_questionpaperassignment"}}, {"model": "auth.permission", "pk": 101, "fields": {"name": "Can add Time Slot", "content_type": 39, "codename": "add_timeslot"}}, {"model": "auth.permission", "pk": 102, "fields": {"name": "Can change Time Slot", "content_type": 39, "codename": "change_timeslot"}}, {"model": "auth.permission", "pk": 103, "fields": {"name": "Can delete Time Slot", "content_type": 39, "codename": "delete_timeslot"}}, {"model": "auth.permission", "pk": 104, "fields": {"name": "Can view Time Slot", "content_type": 39, "codename": "view_timeslot"}}, {"model": "auth.permission", "pk": 105, "fields": {"name": "Can add Timetable", "content_type": 40, "codename": "add_timetable"}}, {"model": "auth.permission", "pk": 106, "fields": {"name": "Can change Timetable", "content_type": 40, "codename": "change_timetable"}}, {"model": "auth.permission", "pk": 107, "fields": {"name": "Can delete Timetable", "content_type": 40, "codename": "delete_timetable"}}, {"model": "auth.permission", "pk": 108, "fields": {"name": "Can view Timetable", "content_type": 40, "codename": "view_timetable"}}, {"model": "auth.permission", "pk": 109, "fields": {"name": "Can add Timetable Entry", "content_type": 41, "codename": "add_timetableentry"}}, {"model": "auth.permission", "pk": 110, "fields": {"name": "Can change Timetable Entry", "content_type": 41, "codename": "change_timetableentry"}}, {"model": "auth.permission", "pk": 111, "fields": {"name": "Can delete Timetable Entry", "content_type": 41, "codename": "delete_timetableentry"}}, {"model": "auth.permission", "pk": 112, "fields": {"name": "Can view Timetable Entry", "content_type": 41, "codename": "view_timetableentry"}}, {"model": "auth.permission", "pk": 113, "fields": {"name": "Can add Academic Program", "content_type": 26, "codename": "add_program"}}, {"model": "auth.permission", "pk": 114, "fields": {"name": "Can change Academic Program", "content_type": 26, "codename": "change_program"}}, {"model": "auth.permission", "pk": 115, "fields": {"name": "Can delete Academic Program", "content_type": 26, "codename": "delete_program"}}, {"model": "auth.permission", "pk": 116, "fields": {"name": "Can view Academic Program", "content_type": 26, "codename": "view_program"}}, {"model": "auth.permission", "pk": 117, "fields": {"name": "Can add Semester Promotion", "content_type": 35, "codename": "add_semesterpromotion"}}, {"model": "auth.permission", "pk": 118, "fields": {"name": "Can change Semester Promotion", "content_type": 35, "codename": "change_semesterpromotion"}}, {"model": "auth.permission", "pk": 119, "fields": {"name": "Can delete Semester Promotion", "content_type": 35, "codename": "delete_semesterpromotion"}}, {"model": "auth.permission", "pk": 120, "fields": {"name": "Can view Semester Promotion", "content_type": 35, "codename": "view_semesterpromotion"}}, {"model": "auth.permission", "pk": 121, "fields": {"name": "Can add promotion schedule", "content_type": 28, "codename": "add_promotionschedule"}}, {"model": "auth.permission", "pk": 122, "fields": {"name": "Can change promotion schedule", "content_type": 28, "codename": "change_promotionschedule"}}, {"model": "auth.permission", "pk": 123, "fields": {"name": "Can delete promotion schedule", "content_type": 28, "codename": "delete_promotionschedule"}}, {"model": "auth.permission", "pk": 124, "fields": {"name": "Can view promotion schedule", "content_type": 28, "codename": "view_promotionschedule"}}, {"model": "auth.permission", "pk": 125, "fields": {"name": "Can add Login OTP", "content_type": 23, "codename": "add_loginotp"}}, {"model": "auth.permission", "pk": 126, "fields": {"name": "Can change Login OTP", "content_type": 23, "codename": "change_loginotp"}}, {"model": "auth.permission", "pk": 127, "fields": {"name": "Can delete Login OTP", "content_type": 23, "codename": "delete_loginotp"}}, {"model": "auth.permission", "pk": 128, "fields": {"name": "Can view Login OTP", "content_type": 23, "codename": "view_loginotp"}}, {"model": "auth.permission", "pk": 129, "fields": {"name": "Can add Course Category", "content_type": 13, "codename": "add_coursecategory"}}, {"model": "auth.permission", "pk": 130, "fields": {"name": "Can change Course Category", "content_type": 13, "codename": "change_coursecategory"}}, {"model": "auth.permission", "pk": 131, "fields": {"name": "Can delete Course Category", "content_type": 13, "codename": "delete_coursecategory"}}, {"model": "auth.permission", "pk": 132, "fields": {"name": "Can view Course Category", "content_type": 13, "codename": "view_coursecategory"}}, {"model": "auth.permission", "pk": 133, "fields": {"name": "Can add Regulation Course Plan", "content_type": 33, "codename": "add_regulationcourseplan"}}, {"model": "auth.permission", "pk": 134, "fields": {"name": "Can change Regulation Course Plan", "content_type": 33, "codename": "change_regulationcourseplan"}}, {"model": "auth.permission", "pk": 135, "fields": {"name": "Can delete Regulation Course Plan", "content_type": 33, "codename": "delete_regulationcourseplan"}}, {"model": "auth.permission", "pk": 136, "fields": {"name": "Can view Regulation Course Plan", "content_type": 33, "codename": "view_regulationcourseplan"}}, {"model": "auth.permission", "pk": 137, "fields": {"name": "Can add Program Batch", "content_type": 27, "codename": "add_programbatch"}}, {"model": "auth.permission", "pk": 138, "fields": {"name": "Can change Program Batch", "content_type": 27, "codename": "change_programbatch"}}, {"model": "auth.permission", "pk": 139, "fields": {"name": "Can delete Program Batch", "content_type": 27, "codename": "delete_programbatch"}}, {"model": "auth.permission", "pk": 140, "fields": {"name": "Can view Program Batch", "content_type": 27, "codename": "view_programbatch"}}, {"model": "auth.permission", "pk": 141, "fields": {"name": "Can add Elective Vertical", "content_type": 15, "codename": "add_electivevertical"}}, {"model": "auth.permission", "pk": 142, "fields": {"name": "Can change Elective Vertical", "content_type": 15, "codename": "change_electivevertical"}}, {"model": "auth.permission", "pk": 143, "fields": {"name": "Can delete Elective Vertical", "content_type": 15, "codename": "delete_electivevertical"}}, {"model": "auth.permission", "pk": 144, "fields": {"name": "Can view Elective Vertical", "content_type": 15, "codename": "view_electivevertical"}}, {"model": "auth.permission", "pk": 145, "fields": {"name": "Can add Elective Course Offering", "content_type": 14, "codename": "add_electivecourseoffering"}}, {"model": "auth.permission", "pk": 146, "fields": {"name": "Can change Elective Course Offering", "content_type": 14, "codename": "change_electivecourseoffering"}}, {"model": "auth.permission", "pk": 147, "fields": {"name": "Can delete Elective Course Offering", "content_type": 14, "codename": "delete_electivecourseoffering"}}, {"model": "auth.permission", "pk": 148, "fields": {"name": "Can view Elective Course Offering", "content_type": 14, "codename": "view_electivecourseoffering"}}, {"model": "auth.permission", "pk": 149, "fields": {"name": "Can add Structured Question Paper", "content_type": 36, "codename": "add_structuredquestionpaper"}}, {"model": "auth.permission", "pk": 150, "fields": {"name": "Can change Structured Question Paper", "content_type": 36, "codename": "change_structuredquestionpaper"}}, {"model": "auth.permission", "pk": 151, "fields": {"name": "Can delete Structured Question Paper", "content_type": 36, "codename": "delete_structuredquestionpaper"}}, {"model": "auth.permission", "pk": 152, "fields": {"name": "Can view Structured Question Paper", "content_type": 36, "codename": "view_structuredquestionpaper"}}, {"model": "auth.permission", "pk": 153, "fields": {"name": "Can add Question Paper Question", "content_type": 30, "codename": "add_qpquestion"}}, {"model": "auth.permission", "pk": 154, "fields": {"name": "Can change Question Paper Question", "content_type": 30, "codename": "change_qpquestion"}}, {"model": "auth.permission", "pk": 155, "fields": {"name": "Can delete Question Paper Question", "content_type": 30, "codename": "delete_qpquestion"}}, {"model": "auth.permission", "pk": 156, "fields": {"name": "Can view Question Paper Question", "content_type": 30, "codename": "view_qpquestion"}}, {"model": "auth.permission", "pk": 157, "fields": {"name": "Can add Exam Schedule", "content_type": 18, "codename": "add_examschedule"}}, {"model": "auth.permission", "pk": 158, "fields": {"name": "Can change Exam Schedule", "content_type": 18, "codename": "change_examschedule"}}, {"model": "auth.permission", "pk": 159, "fields": {"name": "Can delete Exam Schedule", "content_type": 18, "codename": "delete_examschedule"}}, {"model": "auth.permission", "pk": 160, "fields": {"name": "Can view Exam Schedule", "content_type": 18, "codename": "view_examschedule"}}, {"model": "auth.permission", "pk": 161, "fields": {"name": "Can add Admission Batch", "content_type": 8, "codename": "add_admissionbatch"}}, {"model": "auth.permission", "pk": 162, "fields": {"name": "Can change Admission Batch", "content_type": 8, "codename": "change_admissionbatch"}}, {"model": "auth.permission", "pk": 163, "fields": {"name": "Can delete Admission Batch", "content_type": 8, "codename": "delete_admissionbatch"}}, {"model": "auth.permission", "pk": 164, "fields": {"name": "Can view Admission Batch", "content_type": 8, "codename": "view_admissionbatch"}}, {"model": "auth.permission", "pk": 165, "fields": {"name": "Can add Elective Offering Faculty Assignment", "content_type": 42, "codename": "add_electiveofferingfacultyassignment"}}, {"model": "auth.permission", "pk": 166, "fields": {"name": "Can change Elective Offering Faculty Assignment", "content_type": 42, "codename": "change_electiveofferingfacultyassignment"}}, {"model": "auth.permission", "pk": 167, "fields": {"name": "Can delete Elective Offering Faculty Assignment", "content_type": 42, "codename": "delete_electiveofferingfacultyassignment"}}, {"model": "auth.permission", "pk": 168, "fields": {"name": "Can view Elective Offering Faculty Assignment", "content_type": 42, "codename": "view_electiveofferingfacultyassignment"}}, {"model": "auth.permission", "pk": 169, "fields": {"name": "Can add Program Regulation Mapping", "content_type": 43, "codename": "add_programregulation"}}, {"model": "auth.permission", "pk": 170, "fields": {"name": "Can change Program Regulation Mapping", "content_type": 43, "codename": "change_programregulation"}}, {"model": "auth.permission", "pk": 171, "fields": {"name": "Can delete Program Regulation Mapping", "content_type": 43, "codename": "delete_programregulation"}}, {"model": "auth.permission", "pk": 172, "fields": {"name": "Can view Program Regulation Mapping", "content_type": 43, "codename": "view_programregulation"}}, {"model": "auth.permission", "pk": 173, "fields": {"name": "Can add Timetable Config", "content_type": 47, "codename": "add_timetableconfig"}}, {"model": "auth.permission", "pk": 174, "fields": {"name": "Can change Timetable Config", "content_type": 47, "codename": "change_timetableconfig"}}, {"model": "auth.permission", "pk": 175, "fields": {"name": "Can delete Timetable Config", "content_type": 47, "codename": "delete_timetableconfig"}}, {"model": "auth.permission", "pk": 176, "fields": {"name": "Can view Timetable Config", "content_type": 47, "codename": "view_timetableconfig"}}, {"model": "auth.permission", "pk": 177, "fields": {"name": "Can add Lab Restriction", "content_type": 45, "codename": "add_labrestriction"}}, {"model": "auth.permission", "pk": 178, "fields": {"name": "Can change Lab Restriction", "content_type": 45, "codename": "change_labrestriction"}}, {"model": "auth.permission", "pk": 179, "fields": {"name": "Can delete Lab Restriction", "content_type": 45, "codename": "delete_labrestriction"}}, {"model": "auth.permission", "pk": 180, "fields": {"name": "Can view Lab Restriction", "content_type": 45, "codename": "view_labrestriction"}}, {"model": "auth.permission", "pk": 181, "fields": {"name": "Can add Lab Room", "content_type": 46, "codename": "add_labroom"}}, {"model": "auth.permission", "pk": 182, "fields": {"name": "Can change Lab Room", "content_type": 46, "codename": "change_labroom"}}, {"model": "auth.permission", "pk": 183, "fields": {"name": "Can delete Lab Room", "content_type": 46, "codename": "delete_labroom"}}, {"model": "auth.permission", "pk": 184, "fields": {"name": "Can view Lab Room", "content_type": 46, "codename": "view_labroom"}}, {"model": "auth.permission", "pk": 185, "fields": {"name": "Can add Fixed Slot Reservation", "content_type": 44, "codename": "add_fixedslotreservation"}}, {"model": "auth.permission", "pk": 186, "fields": {"name": "Can change Fixed Slot Reservation", "content_type": 44, "codename": "change_fixedslotreservation"}}, {"model": "auth.permission", "pk": 187, "fields": {"name": "Can delete Fixed Slot Reservation", "content_type": 44, "codename": "delete_fixedslotreservation"}}, {"model": "auth.permission", "pk": 188, "fields": {"name": "Can view Fixed Slot Reservation", "content_type": 44, "codename": "view_fixedslotreservation"}}, {"model": "auth.permission", "pk": 189, "fields": {"name": "Can add Timetable Config Lab Selection", "content_type": 48, "codename": "add_timetableconfiglab"}}, {"model": "auth.permission", "pk": 190, "fields": {"name": "Can change Timetable Config Lab Selection", "content_type": 48, "codename": "change_timetableconfiglab"}}, {"model": "auth.permission", "pk": 191, "fields": {"name": "Can delete Timetable Config Lab Selection", "content_type": 48, "codename": "delete_timetableconfiglab"}}, {"model": "auth.permission", "pk": 192, "fields": {"name": "Can view Timetable Config Lab Selection", "content_type": 48, "codename": "view_timetableconfiglab"}}, {"model": "contenttypes.contenttype", "pk": 1, "fields": {"app_label": "admin", "model": "logentry"}}, {"model": "contenttypes.contenttype", "pk": 2, "fields": {"app_label": "auth", "model": "group"}}, {"model": "contenttypes.contenttype", "pk": 3, "fields": {"app_label": "auth", "model": "permission"}}, {"model": "contenttypes.contenttype", "pk": 4, "fields": {"app_label": "contenttypes", "model": "contenttype"}}, {"model": "contenttypes.contenttype", "pk": 5, "fields": {"app_label": "sessions", "model": "session"}}, {"model": "contenttypes.contenttype", "pk": 6, "fields": {"app_label": "main_app", "model": "academicyear"}}, {"model": "contenttypes.contenttype", "pk": 7, "fields": {"app_label": "main_app", "model": "account_user"}}, {"model": "contenttypes.contenttype", "pk": 8, "fields": {"app_label": "main_app", "model": "admissionbatch"}}, {"model": "contenttypes.contenttype", "pk": 9, "fields": {"app_label": "main_app", "model": "announcement"}}, {"model": "contenttypes.contenttype", "pk": 10, "fields": {"app_label": "main_app", "model": "attendance"}}, {"model": "contenttypes.contenttype", "pk": 11, "fields": {"app_label": "main_app", "model": "course"}}, {"model": "contenttypes.contenttype", "pk": 12, "fields": {"app_label": "main_app", "model": "course_assignment"}}, {"model": "contenttypes.contenttype", "pk": 13, "fields": {"app_label": "main_app", "model": "coursecategory"}}, {"model": "contenttypes.contenttype", "pk": 14, "fields": {"app_label": "main_app", "model": "electivecourseoffering"}}, {"model": "contenttypes.contenttype", "pk": 15, "fields": {"app_label": "main_app", "model": "electivevertical"}}, {"model": "contenttypes.contenttype", "pk": 16, "fields": {"app_label": "main_app", "model": "event"}}, {"model": "contenttypes.contenttype", "pk": 17, "fields": {"app_label": "main_app", "model": "eventregistration"}}, {"model": "contenttypes.contenttype", "pk": 18, "fields": {"app_label": "main_app", "model": "examschedule"}}, {"model": "contenttypes.contenttype", "pk": 19, "fields": {"app_label": "main_app", "model": "faculty_profile"}}, {"model": "contenttypes.contenttype", "pk": 20, "fields": {"app_label": "main_app", "model": "feedback"}}, {"model": "contenttypes.contenttype", "pk": 21, "fields": {"app_label": "main_app", "model": "lab_issue_log"}}, {"model": "contenttypes.contenttype", "pk": 22, "fields": {"app_label": "main_app", "model": "leaverequest"}}, {"model": "contenttypes.contenttype", "pk": 23, "fields": {"app_label": "main_app", "model": "loginotp"}}, {"model": "contenttypes.contenttype", "pk": 24, "fields": {"app_label": "main_app", "model": "nonteachingstaff_profile"}}, {"model": "contenttypes.contenttype", "pk": 25, "fields": {"app_label": "main_app", "model": "notification"}}, {"model": "contenttypes.contenttype", "pk": 26, "fields": {"app_label": "main_app", "model": "program"}}, {"model": "contenttypes.contenttype", "pk": 27, "fields": {"app_label": "main_app", "model": "programbatch"}}, {"model": "contenttypes.contenttype", "pk": 28, "fields": {"app_label": "main_app", "model": "promotionschedule"}}, {"model": "contenttypes.contenttype", "pk": 29, "fields": {"app_label": "main_app", "model": "publication"}}, {"model": "contenttypes.contenttype", "pk": 30, "fields": {"app_label": "main_app", "model": "qpquestion"}}, {"model": "contenttypes.contenttype", "pk": 31, "fields": {"app_label": "main_app", "model": "questionpaperassignment"}}, {"model": "contenttypes.contenttype", "pk": 32, "fields": {"app_label": "main_app", "model": "regulation"}}, {"model": "contenttypes.contenttype", "pk": 33, "fields": {"app_label": "main_app", "model": "regulationcourseplan"}}, {"model": "contenttypes.contenttype", "pk": 34, "fields": {"app_label": "main_app", "model": "semester"}}, {"model": "contenttypes.contenttype", "pk": 35, "fields": {"app_label": "main_app", "model": "semesterpromotion"}}, {"model": "contenttypes.contenttype", "pk": 36, "fields": {"app_label": "main_app", "model": "structuredquestionpaper"}}, {"model": "contenttypes.contenttype", "pk": 37, "fields": {"app_label": "main_app", "model": "student_achievement"}}, {"model": "contenttypes.contenttype", "pk": 38, "fields": {"app_label": "main_app", "model": "student_profile"}}, {"model": "contenttypes.contenttype", "pk": 39, "fields": {"app_label": "main_app", "model": "timeslot"}}, {"model": "contenttypes.contenttype", "pk": 40, "fields": {"app_label": "main_app", "model": "timetable"}}, {"model": "contenttypes.contenttype", "pk": 41, "fields": {"app_label": "main_app", "model": "timetableentry"}}, {"model": "contenttypes.contenttype", "pk": 42, "fields": {"app_label": "main_app", "model": "electiveofferingfacultyassignment"}}, {"model": "contenttypes.contenttype", "pk": 43, "fields": {"app_label": "main_app", "model": "programregulation"}}, {"model": "contenttypes.contenttype", "pk": 44, "fields": {"app_label": "main_app", "model": "fixedslotreservation"}}, {"model": "contenttypes.contenttype", "pk": 45, "fields": {"app_label": "main_app", "model": "labrestriction"}}, {"model": "contenttypes.contenttype", "pk": 46, "fields": {"app_label": "main_app", "model": "labroom"}}, {"model": "contenttypes.contenttype", "pk": 47, "fields": {"app_label": "main_app", "model": "timetableconfig"}}, {"model": "contenttypes.contenttype", "pk": 48, "fields": {"app_label": "main_app", "model": "timetableconfiglab"}}, {"model": "sessions.session", "pk": "4hypdvbhus20r0r27i12jp1zxmctmovk", "fields": {"session_data": ".eJxVyzEOwjAMheG7ZKaoThrHYUTiHJHtOmoFVBWlE-LuFLHQ7f1P-l6u8PocyrrYo4y9O7loaBqSNMjETRcBGtacG4LgLSalLOAO_0xYrzZ97Z3HqfA8Hy_bup1__y72cuBl2FiqlXqNgBi8F4st1wqck2WMPWiQhJSxAyISb0nbVmLyJEiaRcm79wfQej3N:1vuDPz:hXd1HnVSJszZoCl_W_xSO7BD3pQ5_2cQRrl_GBMr7Q4", "expire_date": "2026-03-08T17:38:55.574Z"}}, {"model": "sessions.session", "pk": "hzhgnetgz6znfjrotrd697uu0w7nuuxw", "fields": {"session_data": ".eJxVyzEOwjAMheG7ZKaoThrHYUTiHJHtOmoFVBWlE-LuFLHQ7f1P-l6u8PocyrrYo4y9O7loaBqSNMjETRcBGtacG4LgLSalLOAO_0xYrzZ97Z3HqfA8Hy_bup1__y72cuBl2FiqlXqNgBi8F4st1wqck2WMPWiQhJSxAyISb0nbVmLyJEiaRcm79wfQej3N:1vuDOH:OiOoXfJ_sEQQieuAw5ACOeJEhK7H9UviQ1auuvCdiLk", "expire_date": "2026-03-08T17:37:09.571Z"}}, {"model": "main_app.account_user", "pk": "040c0480-1a96-4ea9-be35-4e53885f8cc4", "fields": {"password": "!gf7TnuaJtf7m4OUOpMqNCAJkFzqwRbzfYOP6PY8D", "last_login": null, "is_superuser": false, "first_name": "", "last_name": "", "email": "test31@fake.invalid", "full_name": "Test 3rd Year A", "role": "STUDENT", "gender": "M", "phone": null, "profile_pic": "", "address": null, "is_active": true, "fcm_token": "", "date_joined": "2026-02-10T17:20:21.498Z", "updated_at": "2026-02-10T17:20:21.502Z", "groups": [], "user_permissions": []}}, {"model": "main_app.account_user", "pk": "07aa7b3d-d31d-41dd-bd2c-854ad5ee5650", "fields": {"password": "pbkdf2_sha256$1200000$j9aZcqa9JsOUqGSeY3RSSK$fEHs7zwtHwiS8XtpOxpY9ufVEBB2Wax+5I+1lXcRWIs=", "last_login": null, "is_superuser": false, "first_name": "", "last_name": "", "email": "faculty1@college.edu", "full_name": "Dr. Ramesh Kumar", "role": "FACULTY", "gender": "M", "phone": null, "profile_pic": "", "address": null, "is_active": true, "fcm_token": "", "date_joined": "2026-02-08T20:06:48.219Z", "updated_at": "2026-02-08T20:06:48.953Z", "groups": [], "user_permissions": []}}, {"model": "main_app.account_user", "pk": "1ae0e6aa-164d-4fb0-9b1f-02a75af4696e", "fields": {"password": "pbkdf2_sha256$1200000$UaAmgVFDQjPxBvIsac7oJp$mw85foDOg9un92TWRcotXiAl1XWyG+dgxyuq1biyjnM=", "last_login": null, "is_superuser": false, "first_name": "", "last_name": "", "email": "arun.b@annauniv.edu", "full_name": "Arun Balaji", "role": "FACULTY", "gender": null, "phone": "9876543215", "profile_pic": "", "address": null, "is_active": true, "fcm_token": "", "date_joined": "2026-02-10T19:29:18.854Z", "updated_at": "2026-02-10T19:29:18.854Z", "groups": [], "user_permissions": []}}, {"model": "main_app.account_user", "pk": "1f3b58cc-e9df-4ca9-808b-a0b6ad26cc2f", "fields": {"password": "pbkdf2_sha256$1200000$Z1WHXfkYprBQPhj4g22eYl$sjlPDVtn+3Z9HC8XgvrKOH1wKLYrsof7kdxxo5K9Mto=", "last_login": null, "is_superuser": false, "first_name": "", "last_name": "", "email": "faculty2@college.edu", "full_name": "Dr. Priya Sharma", "role": "FACULTY", "gender": "F", "phone": null, "profile_pic": "", "address": null, "is_active": true, "fcm_token": "", "date_joined": "2026-02-08T20:08:01.866Z", "updated_at": "2026-02-08T20:08:02.600Z", "groups": [], "user_permissions": []}}, {"model": "main_app.account_user", "pk": "2782928d-bac6-448a-b227-84cfa1e528ea", "fields": {"password": "pbkdf2_sha256$1200000$URnMzqOX11IEwinl1qQ0o0$WKICW9R29NE3WY6HYUIvzrS97cgCAesYmpapV/OItko=", "last_login": null, "is_superuser": false, "first_name": "", "last_name": "", "email": "kavitha.m@annauniv.edu", "full_name": "Kavitha Murugavel", "role": "FACULTY", "gender": null, "phone": "9876543216", "profile_pic": "", "address": null, "is_active": true, "fcm_token": "", "date_joined": "2026-02-10T19:29:19.727Z", "updated_at": "2026-02-10T19:29:19.727Z", "groups": [], "user_permissions": []}}, {"model": "main_app.account_user", "pk": "2f585ba6-1cdb-4dd3-a1c0-a4690dbcf3f4", "fields": {"password": "!LUY2Dk7Z8az3c4nlg43EHBxZ3ocsB4UaSWXW1W11", "last_login": null, "is_superuser": false, "first_name": "", "last_name": "", "email": "test1.1@fake.invalid", "full_name": "Stud 1.1", "role": "STUDENT", "gender": "M", "phone": null, "profile_pic": "", "address": null, "is_active": true, "fcm_token": "", "date_joined": "2026-02-10T17:28:56.403Z", "updated_at": "2026-02-10T17:28:56.426Z", "groups": [], "user_permissions": []}}, {"model": "main_app.account_user", "pk": "31632cb5-921d-4410-8bd6-eb09ac54bb85", "fields": {"password": "pbkdf2_sha256$1200000$H1WeCDk52jJEsBdLLdKKv5$6+0uzoceyRj3LcwPiOOA3ZsrSbTWpekQI/IgeFjqSak=", "last_login": null, "is_superuser": false, "first_name": "", "last_name": "", "email": "meena.k@annauniv.edu", "full_name": "Meena Krishnan", "role": "FACULTY", "gender": null, "phone": "9876543214", "profile_pic": "", "address": null, "is_active": true, "fcm_token": "", "date_joined": "2026-02-10T19:29:17.981Z", "updated_at": "2026-02-10T19:29:17.981Z", "groups": [], "user_permissions": []}}, {"model": "main_app.account_user", "pk": "4379f986-1e07-41b9-baa3-b57636f87e82", "fields": {"password": "!zqQeIHw823XmmXm3ag4wibWP5rzaFoNJo71rI6fh", "last_login": null, "is_superuser": false, "first_name": "", "last_name": "", "email": "test42@fake.invalid", "full_name": "Test 4th Year B", "role": "STUDENT", "gender": "F", "phone": null, "profile_pic": "", "address": null, "is_active": true, "fcm_token": "", "date_joined": "2026-02-10T17:20:21.556Z", "updated_at": "2026-02-10T17:20:21.561Z", "groups": [], "user_permissions": []}}, {"model": "main_app.account_user", "pk": "467ec7b0-ba8a-441e-b564-d536ba800948", "fields": {"password": "!kXi10LxesNET2SgboijZluA7JbJBr29emyUt4Gw3", "last_login": null, "is_superuser": false, "first_name": "", "last_name": "", "email": "test52@fake.invalid", "full_name": "Test Lateral 3rd", "role": "STUDENT", "gender": "F", "phone": null, "profile_pic": "", "address": null, "is_active": true, "fcm_token": "", "date_joined": "2026-02-10T17:20:21.593Z", "updated_at": "2026-02-10T17:20:21.599Z", "groups": [], "user_permissions": []}}, {"model": "main_app.account_user", "pk": "4ff51ea2-f588-475d-8c91-225320e90a7b", "fields": {"password": "pbkdf2_sha256$1200000$x6WVAnK2NKnFB4FYjO1jp0$nNqWLUISor9SbWAYSWR/sWjVN02BHmHVCTD6bbM4G3o=", "last_login": null, "is_superuser": false, "first_name": "", "last_name": "", "email": "faculty3@college.edu", "full_name": "Mr. Vijay Singh", "role": "FACULTY", "gender": "M", "phone": null, "profile_pic": "", "address": null, "is_active": true, "fcm_token": "", "date_joined": "2026-02-08T20:08:02.620Z", "updated_at": "2026-02-08T20:08:03.330Z", "groups": [], "user_permissions": []}}, {"model": "main_app.account_user", "pk": "5e6ec37b-6a8a-4511-ac99-8132e57c89b1", "fields": {"password": "pbkdf2_sha256$1200000$1HPg8oOQ3JWJIs6T0OMjF5$wU2aNY3sVeRDTlHTcBbIftVwPEQYA4eSETDhW3EgQiA=", "last_login": "2026-02-22T17:38:55.567Z", "is_superuser": true, "first_name": "", "last_name": "", "email": "hod@annauniv.edu", "full_name": "Dr. Head of Department", "role": "HOD", "gender": null, "phone": null, "profile_pic": "", "address": null, "is_active": true, "fcm_token": "e8W11ADrcgYk7e2ZfTmjIK:APA91bFjiI8GLsjTAan3SLcqV57vdUY2kgcIKZFaSSPZyk65za3SkISS1vEfqXQ9qBnT4uPVw7aFoF_ke_So7DAV3aVLckd5ME1EHJvzelp5Bk23mAtF7UY", "date_joined": "2026-02-08T16:09:10.428Z", "updated_at": "2026-02-22T06:29:25.772Z", "groups": [], "user_permissions": []}}, {"model": "main_app.account_user", "pk": "644813e5-8e66-4ff4-875b-0059c4243372", "fields": {"password": "!SQ5XPb8j0d4gjFuypV1gf6g9fTXdDhoDcLBpBpQU", "last_login": null, "is_superuser": false, "first_name": "", "last_name": "", "email": "test32@fake.invalid", "full_name": "Test 3rd Year B", "role": "STUDENT", "gender": "F", "phone": null, "profile_pic": "", "address": null, "is_active": true, "fcm_token": "", "date_joined": "2026-02-10T17:20:21.518Z", "updated_at": "2026-02-10T17:20:21.522Z", "groups": [], "user_permissions": []}}, {"model": "main_app.account_user", "pk": "79f37916-c2ec-4078-a229-0e0b728e035b", "fields": {"password": "!fnD92cXGHQDkLcMkseTQjVaacKr8cIfykFj3Mfiz", "last_login": null, "is_superuser": false, "first_name": "", "last_name": "", "email": "test1.4@fake.invalid", "full_name": "Stud 1.4", "role": "STUDENT", "gender": "F", "phone": null, "profile_pic": "", "address": null, "is_active": true, "fcm_token": "", "date_joined": "2026-02-10T17:28:56.490Z", "updated_at": "2026-02-10T17:28:56.495Z", "groups": [], "user_permissions": []}}, {"model": "main_app.account_user", "pk": "7afdfaf8-3cf5-4d42-accd-0b0f4e7c177a", "fields": {"password": "!U87wyOcXFai2DB6UxW8UF0X7HgmIFmqtAEoVySq3", "last_login": null, "is_superuser": false, "first_name": "", "last_name": "", "email": "test1.2@fake.invalid", "full_name": "Stud 1.2", "role": "STUDENT", "gender": "F", "phone": null, "profile_pic": "", "address": null, "is_active": true, "fcm_token": "", "date_joined": "2026-02-10T17:28:56.450Z", "updated_at": "2026-02-10T17:28:56.454Z", "groups": [], "user_permissions": []}}, {"model": "main_app.account_user", "pk": "85edaad2-a7b6-4016-919b-d408279e3258", "fields": {"password": "!OHfhjinBFbSq7aXOEAQYwULGbcuKFvONze1wDRsD", "last_login": null, "is_superuser": false, "first_name": "", "last_name": "", "email": "test1.3@fake.invalid", "full_name": "Stud 1.3", "role": "STUDENT", "gender": "M", "phone": null, "profile_pic": "", "address": null, "is_active": true, "fcm_token": "", "date_joined": "2026-02-10T17:28:56.468Z", "updated_at": "2026-02-10T17:28:56.474Z", "groups": [], "user_permissions": []}}, {"model": "main_app.account_user", "pk": "867570f6-3611-4858-83dd-decea9df2273", "fields": {"password": "!6F5SOZ6LMYo0FMAclZtKdz0el4PI7RNALxagRc5z", "last_login": null, "is_superuser": false, "first_name": "", "last_name": "", "email": "test12@fake.invalid", "full_name": "Test 1st Year B", "role": "STUDENT", "gender": "F", "phone": null, "profile_pic": "", "address": null, "is_active": true, "fcm_token": "", "date_joined": "2026-02-10T17:20:21.436Z", "updated_at": "2026-02-10T17:20:21.442Z", "groups": [], "user_permissions": []}}, {"model": "main_app.account_user", "pk": "880e1684-0cd5-4e7a-b6d5-a94c5d2524dc", "fields": {"password": "pbkdf2_sha256$1200000$HlMh14LMlOmqZzDevRDWbz$O9+/ks8+rrxkDeWQHR7FhRp/2kLnovC68fG1JXRVMTE=", "last_login": null, "is_superuser": false, "first_name": "", "last_name": "", "email": "deepa.v@annauniv.edu", "full_name": "Deepa Venkatesh", "role": "FACULTY", "gender": null, "phone": "9876543212", "profile_pic": "", "address": null, "is_active": true, "fcm_token": "", "date_joined": "2026-02-10T19:29:15.736Z", "updated_at": "2026-02-10T19:29:15.736Z", "groups": [], "user_permissions": []}}, {"model": "main_app.account_user", "pk": "9172fdec-8b3c-4fa4-9611-b8abe5f5662c", "fields": {"password": "!lMxPKM4gqvmuZOo25gNx1YgJbSN1WrtjWcDa6zMJ", "last_login": null, "is_superuser": false, "first_name": "", "last_name": "", "email": "test1.8@fake.invalid", "full_name": "Stud 1.8", "role": "STUDENT", "gender": "F", "phone": null, "profile_pic": "", "address": null, "is_active": true, "fcm_token": "", "date_joined": "2026-02-10T17:28:56.563Z", "updated_at": "2026-02-10T17:28:56.568Z", "groups": [], "user_permissions": []}}, {"model": "main_app.account_user", "pk": "960b4048-47a2-44a3-b784-b54a52d4452e", "fields": {"password": "pbkdf2_sha256$1200000$zDFb2JCUCDAoHG51DWknl6$PbYXWiTdexHGcL76uumt6wCCzzH8glKuiSj7dvL3DRY=", "last_login": null, "is_superuser": false, "first_name": "", "last_name": "", "email": "lakshmi.n@annauniv.edu", "full_name": "Lakshmi Narayanan", "role": "FACULTY", "gender": null, "phone": "9876543210", "profile_pic": "", "address": null, "is_active": true, "fcm_token": "", "date_joined": "2026-02-10T19:29:13.190Z", "updated_at": "2026-02-10T19:29:13.190Z", "groups": [], "user_permissions": []}}, {"model": "main_app.account_user", "pk": "9f7fd7e6-767b-4ef1-8f36-3f15f17c632e", "fields": {"password": "pbkdf2_sha256$1200000$js4QKHvHqApsoYJaCl7Fpz$gXiYAnjVSzAxQ6wo+4ewuvZnepQpBmrDmHkwbfZyxNU=", "last_login": null, "is_superuser": false, "first_name": "", "last_name": "", "email": "faculty4@college.edu", "full_name": "Ms. Anitha Rajan", "role": "FACULTY", "gender": "F", "phone": null, "profile_pic": "", "address": null, "is_active": true, "fcm_token": "", "date_joined": "2026-02-08T20:08:03.341Z", "updated_at": "2026-02-08T20:08:04.096Z", "groups": [], "user_permissions": []}}, {"model": "main_app.account_user", "pk": "a04885cf-35fd-4ecc-9534-cdbaac69d4d6", "fields": {"password": "!z8LisZvj2At26YBPNRh2F1NTsayRz1rXjV8I23Dh", "last_login": null, "is_superuser": false, "first_name": "", "last_name": "", "email": "test21@fake.invalid", "full_name": "Test 2nd Year A", "role": "STUDENT", "gender": "M", "phone": null, "profile_pic": "", "address": null, "is_active": true, "fcm_token": "", "date_joined": "2026-02-10T17:20:21.457Z", "updated_at": "2026-02-10T17:20:21.462Z", "groups": [], "user_permissions": []}}, {"model": "main_app.account_user", "pk": "bd8eb903-babf-45a6-97ef-481b71738dbc", "fields": {"password": "pbkdf2_sha256$1200000$ZbZMo20cBKhI6Z6oEjMdB0$fC4AgrbdDJJL73ev8Y8+j5pM9a+1BOvA16HV2vyM+P0=", "last_login": null, "is_superuser": false, "first_name": "", "last_name": "", "email": "rajesh.s@annauniv.edu", "full_name": "Rajesh Subramanian", "role": "FACULTY", "gender": null, "phone": "9876543217", "profile_pic": "", "address": null, "is_active": true, "fcm_token": "", "date_joined": "2026-02-10T19:29:20.661Z", "updated_at": "2026-02-10T19:29:20.661Z", "groups": [], "user_permissions": []}}, {"model": "main_app.account_user", "pk": "d4841897-2bea-4956-94a5-b0f5799fa33f", "fields": {"password": "!PJcaP4OIwUJh9qhswsmlo0xysCl4MjGNMRcxgeKW", "last_login": null, "is_superuser": false, "first_name": "", "last_name": "", "email": "test1.7@fake.invalid", "full_name": "Stud 1.7", "role": "STUDENT", "gender": "M", "phone": null, "profile_pic": "", "address": null, "is_active": true, "fcm_token": "", "date_joined": "2026-02-10T17:28:56.545Z", "updated_at": "2026-02-10T17:28:56.550Z", "groups": [], "user_permissions": []}}, {"model": "main_app.account_user", "pk": "d7a31219-06dc-4d6a-96ac-129b188383f5", "fields": {"password": "pbkdf2_sha256$1200000$h1sI2NxwLaE9G4RT6jFj9D$9FudKKLvJ244bPsTA9+BPthUDfYg7g4mIoOY0U2FYn8=", "last_login": null, "is_superuser": false, "first_name": "", "last_name": "", "email": "geetha.p@annauniv.edu", "full_name": "Geetha Parthasarathy", "role": "FACULTY", "gender": null, "phone": "9876543218", "profile_pic": "", "address": null, "is_active": true, "fcm_token": "", "date_joined": "2026-02-10T19:29:21.587Z", "updated_at": "2026-02-10T19:29:21.587Z", "groups": [], "user_permissions": []}}, {"model": "main_app.account_user", "pk": "de266867-f45e-4f4c-baca-a9cbea440e67", "fields": {"password": "!LWrzuZSVz91gPJvlxdAfc3NSBnLGtVnHIQNpIxZK", "last_login": null, "is_superuser": false, "first_name": "", "last_name": "", "email": "test11@fake.invalid", "full_name": "Test 1st Year A", "role": "STUDENT", "gender": "M", "phone": null, "profile_pic": "", "address": null, "is_active": true, "fcm_token": "", "date_joined": "2026-02-10T17:20:21.386Z", "updated_at": "2026-02-10T17:20:21.413Z", "groups": [], "user_permissions": []}}, {"model": "main_app.account_user", "pk": "e1618194-87e8-4af1-9c0d-5f2e177d91d5", "fields": {"password": "!iWmrQFu2GyhqogCVo8g7B59YGYrkSKo6Sj922wIJ", "last_login": null, "is_superuser": false, "first_name": "", "last_name": "", "email": "test1.6@fake.invalid", "full_name": "Stud 1.6", "role": "STUDENT", "gender": "F", "phone": null, "profile_pic": "", "address": null, "is_active": true, "fcm_token": "", "date_joined": "2026-02-10T17:28:56.526Z", "updated_at": "2026-02-10T17:28:56.530Z", "groups": [], "user_permissions": []}}, {"model": "main_app.account_user", "pk": "e3c336f7-b961-476a-89b4-cdda0dde1606", "fields": {"password": "!taHGLXQ4Q5TSMFgPD4bdM2opvrKA97FqDwCpjixf", "last_login": null, "is_superuser": false, "first_name": "", "last_name": "", "email": "test51@fake.invalid", "full_name": "Test Lateral 2nd", "role": "STUDENT", "gender": "M", "phone": null, "profile_pic": "", "address": null, "is_active": true, "fcm_token": "", "date_joined": "2026-02-10T17:20:21.575Z", "updated_at": "2026-02-10T17:20:21.580Z", "groups": [], "user_permissions": []}}, {"model": "main_app.account_user", "pk": "e3ec1290-ba59-49bf-b406-67238231f3c5", "fields": {"password": "pbkdf2_sha256$1200000$w93WaKrCY7rFjJJxzSAD90$5ApOLry0VDGxAqPu651hF+DuhEnuwgkZGRS+nNCol08=", "last_login": null, "is_superuser": false, "first_name": "", "last_name": "", "email": "mohan.r@annauniv.edu", "full_name": "Mohan Raghavan", "role": "FACULTY", "gender": null, "phone": "9876543219", "profile_pic": "", "address": null, "is_active": true, "fcm_token": "", "date_joined": "2026-02-10T19:29:22.487Z", "updated_at": "2026-02-10T19:29:22.487Z", "groups": [], "user_permissions": []}}, {"model": "main_app.account_user", "pk": "e71ab31c-4419-4ad6-90be-7cf16c07c364", "fields": {"password": "pbkdf2_sha256$1200000$z3P3prlUnuiYDeEivtkD88$F5wvULFnaAqMfhmkG/AHSVcp+eUK+4wpPFSsVd6cByY=", "last_login": null, "is_superuser": false, "first_name": "", "last_name": "", "email": "senthil.k@annauniv.edu", "full_name": "Senthil Kumar", "role": "FACULTY", "gender": null, "phone": "9876543213", "profile_pic": "", "address": null, "is_active": true, "fcm_token": "", "date_joined": "2026-02-10T19:29:17.002Z", "updated_at": "2026-02-10T19:29:17.002Z", "groups": [], "user_permissions": []}}, {"model": "main_app.account_user", "pk": "e88b81d5-d969-4556-aa09-7514ade0efd4", "fields": {"password": "pbkdf2_sha256$1200000$jqMgSm39HPJuNiMvUP8wni$NffpkvD3PuSYkOK+Igas2E5/Tv9fr2bkZBqd2AtEX6E=", "last_login": null, "is_superuser": false, "first_name": "", "last_name": "", "email": "karthik.s@annauniv.edu", "full_name": "Karthik Sundaram", "role": "FACULTY", "gender": null, "phone": "9876543211", "profile_pic": "", "address": null, "is_active": true, "fcm_token": "", "date_joined": "2026-02-10T19:29:14.475Z", "updated_at": "2026-02-10T19:29:14.475Z", "groups": [], "user_permissions": []}}, {"model": "main_app.account_user", "pk": "edb41516-5206-4ebb-bd21-fabaf6ce9341", "fields": {"password": "!BzfjswIML7QUn7bR8vLxa7imG2yjAvM1bRWAtQ5P", "last_login": null, "is_superuser": false, "first_name": "", "last_name": "", "email": "test1.5@fake.invalid", "full_name": "Stud 1.5", "role": "STUDENT", "gender": "M", "phone": null, "profile_pic": "", "address": null, "is_active": true, "fcm_token": "", "date_joined": "2026-02-10T17:28:56.509Z", "updated_at": "2026-02-10T17:28:56.513Z", "groups": [], "user_permissions": []}}, {"model": "main_app.account_user", "pk": "f06de0f9-fd2d-4446-b499-1eb92ed42d18", "fields": {"password": "!Ln9obW2hSzrcRPtNdwjhHAs6k90MBVE7By8qfZpH", "last_login": null, "is_superuser": false, "first_name": "", "last_name": "", "email": "test41@fake.invalid", "full_name": "Test 4th Year A", "role": "STUDENT", "gender": "M", "phone": null, "profile_pic": "", "address": null, "is_active": true, "fcm_token": "", "date_joined": "2026-02-10T17:20:21.536Z", "updated_at": "2026-02-10T17:20:21.541Z", "groups": [], "user_permissions": []}}, {"model": "main_app.account_user", "pk": "f8856261-588b-49e8-8c14-087c69d2a92d", "fields": {"password": "!eHFp5rDc2sPgo320aRVzFHtoDVYkPNwyj4LhNm9o", "last_login": null, "is_superuser": false, "first_name": "", "last_name": "", "email": "test22@fake.invalid", "full_name": "Test 2nd Year B", "role": "STUDENT", "gender": "F", "phone": null, "profile_pic": "", "address": null, "is_active": true, "fcm_token": "", "date_joined": "2026-02-10T17:20:21.477Z", "updated_at": "2026-02-10T17:20:21.482Z", "groups": [], "user_permissions": []}}, {"model": "main_app.account_user", "pk": "f91cc6bb-bd5e-447c-9680-e82e604d9de5", "fields": {"password": "pbkdf2_sha256$1200000$DQHKi4rQqgxoWMS4kyiwMt$cCpPZ1L5A2N2GfPjcjRAn+tQpQtpaDqNr7Pg5jCStkM=", "last_login": null, "is_superuser": false, "first_name": "", "last_name": "", "email": "faculty5@college.edu", "full_name": "Dr. Suresh Babu", "role": "FACULTY", "gender": "M", "phone": null, "profile_pic": "", "address": null, "is_active": true, "fcm_token": "", "date_joined": "2026-02-08T20:08:04.108Z", "updated_at": "2026-02-08T20:08:04.905Z", "groups": [], "user_permissions": []}}, {"model": "main_app.regulation", "pk": 1, "fields": {"year": 2023, "name": "R2023", "description": "Regulation effective from 2023", "effective_from": null}}, {"model": "main_app.regulation", "pk": 3, "fields": {"year": 2017, "name": "R2017", "description": "reg from 2017", "effective_from": null}}, {"model": "main_app.coursecategory", "pk": 37, "fields": {"regulation": 1, "code": "PCC", "description": "Professional Core Course", "is_active": true}}, {"model": "main_app.coursecategory", "pk": 38, "fields": {"regulation": 1, "code": "ESC", "description": "Engineering Science Course", "is_active": true}}, {"model": "main_app.coursecategory", "pk": 39, "fields": {"regulation": 1, "code": "PEC", "description": "Professional Elective Course", "is_active": true}}, {"model": "main_app.coursecategory", "pk": 40, "fields": {"regulation": 1, "code": "HSMC", "description": "Humanities Science and Management Course", "is_active": true}}, {"model": "main_app.coursecategory", "pk": 41, "fields": {"regulation": 1, "code": "ETC", "description": "Emerging Technology Course", "is_active": true}}, {"model": "main_app.coursecategory", "pk": 42, "fields": {"regulation": 1, "code": "SDC", "description": "Skill Development Course", "is_active": true}}, {"model": "main_app.coursecategory", "pk": 43, "fields": {"regulation": 1, "code": "OEC", "description": "Open Elective Course", "is_active": true}}, {"model": "main_app.coursecategory", "pk": 44, "fields": {"regulation": 1, "code": "UC", "description": "University Course", "is_active": true}}, {"model": "main_app.coursecategory", "pk": 45, "fields": {"regulation": 1, "code": "SLC", "description": "Self Learning Course", "is_active": true}}, {"model": "main_app.coursecategory", "pk": 46, "fields": {"regulation": 3, "code": "PCC", "description": "Professional Core Course", "is_active": true}}, {"model": "main_app.coursecategory", "pk": 47, "fields": {"regulation": 3, "code": "ESC", "description": "Engineering Science Course", "is_active": true}}, {"model": "main_app.coursecategory", "pk": 48, "fields": {"regulation": 3, "code": "PEC", "description": "Professional Elective Course", "is_active": true}}, {"model": "main_app.coursecategory", "pk": 49, "fields": {"regulation": 3, "code": "HSMC", "description": "Humanities Science and Management Course", "is_active": true}}, {"model": "main_app.coursecategory", "pk": 50, "fields": {"regulation": 3, "code": "ETC", "description": "Emerging Technology Course", "is_active": true}}, {"model": "main_app.coursecategory", "pk": 51, "fields": {"regulation": 3, "code": "SDC", "description": "Skill Development Course", "is_active": true}}, {"model": "main_app.coursecategory", "pk": 52, "fields": {"regulation": 3, "code": "OEC", "description": "Open Elective Course", "is_active": true}}, {"model": "main_app.coursecategory", "pk": 53, "fields": {"regulation": 3, "code": "UC", "description": "University Course", "is_active": true}}, {"model": "main_app.coursecategory", "pk": 54, "fields": {"regulation": 3, "code": "SLC", "description": "Self Learning Course", "is_active": true}}, {"model": "main_app.coursecategory", "pk": 55, "fields": {"regulation": 3, "code": "HS", "description": "Humanities and Social Sciences", "is_active": true}}, {"model": "main_app.coursecategory", "pk": 56, "fields": {"regulation": 3, "code": "BS", "description": "Basic Sciences", "is_active": true}}, {"model": "main_app.coursecategory", "pk": 57, "fields": {"regulation": 3, "code": "ES", "description": "Engineering Sciences", "is_active": true}}, {"model": "main_app.coursecategory", "pk": 58, "fields": {"regulation": 3, "code": "PC", "description": "Professional Core", "is_active": true}}, {"model": "main_app.coursecategory", "pk": 59, "fields": {"regulation": 3, "code": "PE", "description": "Professional Elective", "is_active": true}}, {"model": "main_app.coursecategory", "pk": 60, "fields": {"regulation": 3, "code": "OE", "description": "Open Elective", "is_active": true}}, {"model": "main_app.coursecategory", "pk": 61, "fields": {"regulation": 3, "code": "EEC", "description": "Employability Enhancement Course", "is_active": true}}, {"model": "main_app.coursecategory", "pk": 62, "fields": {"regulation": 3, "code": "MC", "description": "Mandatory Course", "is_active": true}}, {"model": "main_app.regulationcourseplan", "pk": 5, "fields": {"regulation": 1, "course": "CS23201", "category": null, "semester": 1, "branch": "CSE", "program_type": "UG", "is_elective": false, "elective_vertical": null, "is_mandatory": true, "created_at": "2026-02-08T17:48:56.110Z", "updated_at": "2026-02-08T17:48:56.110Z"}}, {"model": "main_app.regulationcourseplan", "pk": 6, "fields": {"regulation": 1, "course": "CS23302", "category": null, "semester": 1, "branch": "CSE", "program_type": "UG", "is_elective": false, "elective_vertical": null, "is_mandatory": true, "created_at": "2026-02-08T17:48:56.122Z", "updated_at": "2026-02-08T17:48:56.122Z"}}, {"model": "main_app.regulationcourseplan", "pk": 7, "fields": {"regulation": 1, "course": "CS23301", "category": null, "semester": 2, "branch": "CSE", "program_type": "UG", "is_elective": false, "elective_vertical": null, "is_mandatory": true, "created_at": "2026-02-08T17:48:56.130Z", "updated_at": "2026-02-08T17:48:56.130Z"}}, {"model": "main_app.regulationcourseplan", "pk": 8, "fields": {"regulation": 1, "course": "CS23303", "category": null, "semester": 2, "branch": "CSE", "program_type": "UG", "is_elective": false, "elective_vertical": null, "is_mandatory": true, "created_at": "2026-02-08T17:48:56.138Z", "updated_at": "2026-02-08T17:48:56.138Z"}}, {"model": "main_app.regulationcourseplan", "pk": 9, "fields": {"regulation": 1, "course": "CS23304", "category": null, "semester": 2, "branch": "CSE", "program_type": "UG", "is_elective": false, "elective_vertical": null, "is_mandatory": true, "created_at": "2026-02-08T17:48:56.147Z", "updated_at": "2026-02-08T17:48:56.147Z"}}, {"model": "main_app.regulationcourseplan", "pk": 10, "fields": {"regulation": 1, "course": "CS23401", "category": null, "semester": 3, "branch": "CSE", "program_type": "UG", "is_elective": false, "elective_vertical": null, "is_mandatory": true, "created_at": "2026-02-08T17:48:56.154Z", "updated_at": "2026-02-08T17:48:56.154Z"}}, {"model": "main_app.regulationcourseplan", "pk": 11, "fields": {"regulation": 1, "course": "CS23402", "category": null, "semester": 3, "branch": "CSE", "program_type": "UG", "is_elective": false, "elective_vertical": null, "is_mandatory": true, "created_at": "2026-02-08T17:48:56.163Z", "updated_at": "2026-02-08T17:48:56.163Z"}}, {"model": "main_app.regulationcourseplan", "pk": 12, "fields": {"regulation": 1, "course": "CS23403", "category": null, "semester": 3, "branch": "CSE", "program_type": "UG", "is_elective": false, "elective_vertical": null, "is_mandatory": true, "created_at": "2026-02-08T17:48:56.172Z", "updated_at": "2026-02-08T17:48:56.172Z"}}, {"model": "main_app.regulationcourseplan", "pk": 13, "fields": {"regulation": 1, "course": "CS23404", "category": null, "semester": 3, "branch": "CSE", "program_type": "UG", "is_elective": false, "elective_vertical": null, "is_mandatory": true, "created_at": "2026-02-08T17:48:56.180Z", "updated_at": "2026-02-08T17:48:56.180Z"}}, {"model": "main_app.regulationcourseplan", "pk": 14, "fields": {"regulation": 1, "course": "CS23501", "category": null, "semester": 4, "branch": "CSE", "program_type": "UG", "is_elective": false, "elective_vertical": null, "is_mandatory": true, "created_at": "2026-02-08T17:48:56.189Z", "updated_at": "2026-02-08T17:48:56.190Z"}}, {"model": "main_app.regulationcourseplan", "pk": 15, "fields": {"regulation": 1, "course": "CS23502", "category": null, "semester": 4, "branch": "CSE", "program_type": "UG", "is_elective": false, "elective_vertical": null, "is_mandatory": true, "created_at": "2026-02-08T17:48:56.197Z", "updated_at": "2026-02-08T17:48:56.197Z"}}, {"model": "main_app.regulationcourseplan", "pk": 16, "fields": {"regulation": 1, "course": "CS23503", "category": null, "semester": 4, "branch": "CSE", "program_type": "UG", "is_elective": false, "elective_vertical": null, "is_mandatory": true, "created_at": "2026-02-08T17:48:56.204Z", "updated_at": "2026-02-08T17:48:56.204Z"}}, {"model": "main_app.regulationcourseplan", "pk": 17, "fields": {"regulation": 1, "course": "CS23601", "category": null, "semester": 5, "branch": "CSE", "program_type": "UG", "is_elective": false, "elective_vertical": null, "is_mandatory": true, "created_at": "2026-02-08T17:48:56.213Z", "updated_at": "2026-02-08T17:48:56.213Z"}}, {"model": "main_app.regulationcourseplan", "pk": 18, "fields": {"regulation": 1, "course": "CS23602", "category": null, "semester": 5, "branch": "CSE", "program_type": "UG", "is_elective": false, "elective_vertical": null, "is_mandatory": true, "created_at": "2026-02-08T17:48:56.222Z", "updated_at": "2026-02-08T17:48:56.222Z"}}, {"model": "main_app.regulationcourseplan", "pk": 19, "fields": {"regulation": 1, "course": "CS23603", "category": null, "semester": 5, "branch": "CSE", "program_type": "UG", "is_elective": false, "elective_vertical": null, "is_mandatory": true, "created_at": "2026-02-08T17:48:56.231Z", "updated_at": "2026-02-08T17:48:56.231Z"}}, {"model": "main_app.regulationcourseplan", "pk": 20, "fields": {"regulation": 1, "course": "PEC-01", "category": null, "semester": 5, "branch": "CSE", "program_type": "UG", "is_elective": true, "elective_vertical": null, "is_mandatory": true, "created_at": "2026-02-08T17:49:13.924Z", "updated_at": "2026-02-08T17:49:13.924Z"}}, {"model": "main_app.regulationcourseplan", "pk": 21, "fields": {"regulation": 1, "course": "PEC-02", "category": null, "semester": 5, "branch": "CSE", "program_type": "UG", "is_elective": true, "elective_vertical": null, "is_mandatory": true, "created_at": "2026-02-08T17:49:13.947Z", "updated_at": "2026-02-08T17:49:13.947Z"}}, {"model": "main_app.regulationcourseplan", "pk": 22, "fields": {"regulation": 1, "course": "PEC-03", "category": null, "semester": 6, "branch": "CSE", "program_type": "UG", "is_elective": true, "elective_vertical": null, "is_mandatory": true, "created_at": "2026-02-08T17:49:13.961Z", "updated_at": "2026-02-08T17:49:13.961Z"}}, {"model": "main_app.regulationcourseplan", "pk": 23, "fields": {"regulation": 1, "course": "PEC-04", "category": null, "semester": 6, "branch": "CSE", "program_type": "UG", "is_elective": true, "elective_vertical": null, "is_mandatory": true, "created_at": "2026-02-08T17:49:13.976Z", "updated_at": "2026-02-08T17:49:13.976Z"}}, {"model": "main_app.regulationcourseplan", "pk": 24, "fields": {"regulation": 1, "course": "OEC-01", "category": null, "semester": 6, "branch": "CSE", "program_type": "UG", "is_elective": true, "elective_vertical": null, "is_mandatory": true, "created_at": "2026-02-08T17:49:13.988Z", "updated_at": "2026-02-08T17:49:13.988Z"}}, {"model": "main_app.regulationcourseplan", "pk": 25, "fields": {"regulation": 1, "course": "OEC-02", "category": null, "semester": 7, "branch": "CSE", "program_type": "UG", "is_elective": true, "elective_vertical": null, "is_mandatory": true, "created_at": "2026-02-08T17:49:14.003Z", "updated_at": "2026-02-08T17:49:14.003Z"}}, {"model": "main_app.regulationcourseplan", "pk": 26, "fields": {"regulation": 1, "course": "SLC-01", "category": null, "semester": 7, "branch": "CSE", "program_type": "UG", "is_elective": true, "elective_vertical": null, "is_mandatory": true, "created_at": "2026-02-08T17:49:14.015Z", "updated_at": "2026-02-08T17:49:14.015Z"}}, {"model": "main_app.regulationcourseplan", "pk": 27, "fields": {"regulation": 1, "course": "OEC-03", "category": null, "semester": 8, "branch": "CSE", "program_type": "UG", "is_elective": true, "elective_vertical": null, "is_mandatory": true, "created_at": "2026-02-08T17:49:14.030Z", "updated_at": "2026-02-08T17:49:14.030Z"}}, {"model": "main_app.regulationcourseplan", "pk": 28, "fields": {"regulation": 1, "course": "SLC-02", "category": null, "semester": 8, "branch": "CSE", "program_type": "UG", "is_elective": true, "elective_vertical": null, "is_mandatory": true, "created_at": "2026-02-08T17:49:14.044Z", "updated_at": "2026-02-08T17:49:14.044Z"}}, {"model": "main_app.regulationcourseplan", "pk": 29, "fields": {"regulation": 1, "course": "PEC-05", "category": null, "semester": 1, "branch": "CSE", "program_type": "UG", "is_elective": true, "elective_vertical": null, "is_mandatory": true, "created_at": "2026-02-08T19:01:51.781Z", "updated_at": "2026-02-08T19:01:51.781Z"}}, {"model": "main_app.regulationcourseplan", "pk": 30, "fields": {"regulation": 3, "course": "HS8151", "category": 55, "semester": 1, "branch": "CSE", "program_type": "UG", "is_elective": false, "elective_vertical": null, "is_mandatory": true, "created_at": "2026-02-10T17:51:12.023Z", "updated_at": "2026-02-10T17:51:12.023Z"}}, {"model": "main_app.regulationcourseplan", "pk": 31, "fields": {"regulation": 3, "course": "MA8151", "category": 56, "semester": 1, "branch": "CSE", "program_type": "UG", "is_elective": false, "elective_vertical": null, "is_mandatory": true, "created_at": "2026-02-10T17:51:12.033Z", "updated_at": "2026-02-10T17:51:12.033Z"}}, {"model": "main_app.regulationcourseplan", "pk": 32, "fields": {"regulation": 3, "course": "PH8151", "category": 56, "semester": 1, "branch": "CSE", "program_type": "UG", "is_elective": false, "elective_vertical": null, "is_mandatory": true, "created_at": "2026-02-10T17:51:12.041Z", "updated_at": "2026-02-10T17:51:12.041Z"}}, {"model": "main_app.regulationcourseplan", "pk": 33, "fields": {"regulation": 3, "course": "CY8151", "category": 56, "semester": 1, "branch": "CSE", "program_type": "UG", "is_elective": false, "elective_vertical": null, "is_mandatory": true, "created_at": "2026-02-10T17:51:12.049Z", "updated_at": "2026-02-10T17:51:12.049Z"}}, {"model": "main_app.regulationcourseplan", "pk": 34, "fields": {"regulation": 3, "course": "GE8151", "category": 57, "semester": 1, "branch": "CSE", "program_type": "UG", "is_elective": false, "elective_vertical": null, "is_mandatory": true, "created_at": "2026-02-10T17:51:12.056Z", "updated_at": "2026-02-10T17:51:12.056Z"}}, {"model": "main_app.regulationcourseplan", "pk": 35, "fields": {"regulation": 3, "course": "GE8152", "category": 57, "semester": 1, "branch": "CSE", "program_type": "UG", "is_elective": false, "elective_vertical": null, "is_mandatory": true, "created_at": "2026-02-10T17:51:12.065Z", "updated_at": "2026-02-10T17:51:12.065Z"}}, {"model": "main_app.regulationcourseplan", "pk": 36, "fields": {"regulation": 3, "course": "GE8161", "category": 57, "semester": 1, "branch": "CSE", "program_type": "UG", "is_elective": false, "elective_vertical": null, "is_mandatory": true, "created_at": "2026-02-10T17:51:12.072Z", "updated_at": "2026-02-10T17:51:12.072Z"}}, {"model": "main_app.regulationcourseplan", "pk": 37, "fields": {"regulation": 3, "course": "BS8161", "category": 56, "semester": 1, "branch": "CSE", "program_type": "UG", "is_elective": false, "elective_vertical": null, "is_mandatory": true, "created_at": "2026-02-10T17:51:12.080Z", "updated_at": "2026-02-10T17:51:12.080Z"}}, {"model": "main_app.regulationcourseplan", "pk": 38, "fields": {"regulation": 3, "course": "HS8251", "category": 55, "semester": 2, "branch": "CSE", "program_type": "UG", "is_elective": false, "elective_vertical": null, "is_mandatory": true, "created_at": "2026-02-10T17:51:12.086Z", "updated_at": "2026-02-10T17:51:12.086Z"}}, {"model": "main_app.regulationcourseplan", "pk": 39, "fields": {"regulation": 3, "course": "MA8251", "category": 56, "semester": 2, "branch": "CSE", "program_type": "UG", "is_elective": false, "elective_vertical": null, "is_mandatory": true, "created_at": "2026-02-10T17:51:12.094Z", "updated_at": "2026-02-10T17:51:12.094Z"}}, {"model": "main_app.regulationcourseplan", "pk": 40, "fields": {"regulation": 3, "course": "PH8252", "category": 56, "semester": 2, "branch": "CSE", "program_type": "UG", "is_elective": false, "elective_vertical": null, "is_mandatory": true, "created_at": "2026-02-10T17:51:12.103Z", "updated_at": "2026-02-10T17:51:12.103Z"}}, {"model": "main_app.regulationcourseplan", "pk": 41, "fields": {"regulation": 3, "course": "BE8255", "category": 57, "semester": 2, "branch": "CSE", "program_type": "UG", "is_elective": false, "elective_vertical": null, "is_mandatory": true, "created_at": "2026-02-10T17:51:12.111Z", "updated_at": "2026-02-10T17:51:12.111Z"}}, {"model": "main_app.regulationcourseplan", "pk": 42, "fields": {"regulation": 3, "course": "GE8291", "category": 62, "semester": 2, "branch": "CSE", "program_type": "UG", "is_elective": false, "elective_vertical": null, "is_mandatory": true, "created_at": "2026-02-10T17:51:12.119Z", "updated_at": "2026-02-10T17:51:12.119Z"}}, {"model": "main_app.regulationcourseplan", "pk": 43, "fields": {"regulation": 3, "course": "CS8251", "category": 58, "semester": 2, "branch": "CSE", "program_type": "UG", "is_elective": false, "elective_vertical": null, "is_mandatory": true, "created_at": "2026-02-10T17:51:12.128Z", "updated_at": "2026-02-10T17:51:12.128Z"}}, {"model": "main_app.regulationcourseplan", "pk": 44, "fields": {"regulation": 3, "course": "GE8261", "category": 57, "semester": 2, "branch": "CSE", "program_type": "UG", "is_elective": false, "elective_vertical": null, "is_mandatory": true, "created_at": "2026-02-10T17:51:12.135Z", "updated_at": "2026-02-10T17:51:12.135Z"}}, {"model": "main_app.regulationcourseplan", "pk": 45, "fields": {"regulation": 3, "course": "CS8261", "category": 58, "semester": 2, "branch": "CSE", "program_type": "UG", "is_elective": false, "elective_vertical": null, "is_mandatory": true, "created_at": "2026-02-10T17:51:12.142Z", "updated_at": "2026-02-10T17:51:12.142Z"}}, {"model": "main_app.regulationcourseplan", "pk": 46, "fields": {"regulation": 3, "course": "MA8351", "category": 56, "semester": 3, "branch": "CSE", "program_type": "UG", "is_elective": false, "elective_vertical": null, "is_mandatory": true, "created_at": "2026-02-10T17:51:12.151Z", "updated_at": "2026-02-10T17:51:12.151Z"}}, {"model": "main_app.regulationcourseplan", "pk": 47, "fields": {"regulation": 3, "course": "CS8351", "category": 58, "semester": 3, "branch": "CSE", "program_type": "UG", "is_elective": false, "elective_vertical": null, "is_mandatory": true, "created_at": "2026-02-10T17:51:12.158Z", "updated_at": "2026-02-10T17:51:12.158Z"}}, {"model": "main_app.regulationcourseplan", "pk": 48, "fields": {"regulation": 3, "course": "CS8391", "category": 58, "semester": 3, "branch": "CSE", "program_type": "UG", "is_elective": false, "elective_vertical": null, "is_mandatory": true, "created_at": "2026-02-10T17:51:12.166Z", "updated_at": "2026-02-10T17:51:12.166Z"}}, {"model": "main_app.regulationcourseplan", "pk": 49, "fields": {"regulation": 3, "course": "CS8392", "category": 58, "semester": 3, "branch": "CSE", "program_type": "UG", "is_elective": false, "elective_vertical": null, "is_mandatory": true, "created_at": "2026-02-10T17:51:12.173Z", "updated_at": "2026-02-10T17:51:12.173Z"}}, {"model": "main_app.regulationcourseplan", "pk": 50, "fields": {"regulation": 3, "course": "EC8395", "category": 58, "semester": 3, "branch": "CSE", "program_type": "UG", "is_elective": false, "elective_vertical": null, "is_mandatory": true, "created_at": "2026-02-10T17:51:12.181Z", "updated_at": "2026-02-10T17:51:12.181Z"}}, {"model": "main_app.regulationcourseplan", "pk": 51, "fields": {"regulation": 3, "course": "CS8381", "category": 58, "semester": 3, "branch": "CSE", "program_type": "UG", "is_elective": false, "elective_vertical": null, "is_mandatory": true, "created_at": "2026-02-10T17:51:12.189Z", "updated_at": "2026-02-10T17:51:12.189Z"}}, {"model": "main_app.regulationcourseplan", "pk": 52, "fields": {"regulation": 3, "course": "CS8383", "category": 58, "semester": 3, "branch": "CSE", "program_type": "UG", "is_elective": false, "elective_vertical": null, "is_mandatory": true, "created_at": "2026-02-10T17:51:12.197Z", "updated_at": "2026-02-10T17:51:12.197Z"}}, {"model": "main_app.regulationcourseplan", "pk": 53, "fields": {"regulation": 3, "course": "CS8382", "category": 58, "semester": 3, "branch": "CSE", "program_type": "UG", "is_elective": false, "elective_vertical": null, "is_mandatory": true, "created_at": "2026-02-10T17:51:12.205Z", "updated_at": "2026-02-10T17:51:12.205Z"}}, {"model": "main_app.regulationcourseplan", "pk": 54, "fields": {"regulation": 3, "course": "MA8402", "category": 56, "semester": 4, "branch": "CSE", "program_type": "UG", "is_elective": false, "elective_vertical": null, "is_mandatory": true, "created_at": "2026-02-10T17:51:12.213Z", "updated_at": "2026-02-10T17:51:12.213Z"}}, {"model": "main_app.regulationcourseplan", "pk": 55, "fields": {"regulation": 3, "course": "CS8491", "category": 58, "semester": 4, "branch": "CSE", "program_type": "UG", "is_elective": false, "elective_vertical": null, "is_mandatory": true, "created_at": "2026-02-10T17:51:12.219Z", "updated_at": "2026-02-10T17:51:12.219Z"}}, {"model": "main_app.regulationcourseplan", "pk": 56, "fields": {"regulation": 3, "course": "CS8492", "category": 58, "semester": 4, "branch": "CSE", "program_type": "UG", "is_elective": false, "elective_vertical": null, "is_mandatory": true, "created_at": "2026-02-10T17:51:12.228Z", "updated_at": "2026-02-10T17:51:12.228Z"}}, {"model": "main_app.regulationcourseplan", "pk": 57, "fields": {"regulation": 3, "course": "CS8451", "category": 58, "semester": 4, "branch": "CSE", "program_type": "UG", "is_elective": false, "elective_vertical": null, "is_mandatory": true, "created_at": "2026-02-10T17:51:12.237Z", "updated_at": "2026-02-10T17:51:12.237Z"}}, {"model": "main_app.regulationcourseplan", "pk": 58, "fields": {"regulation": 3, "course": "CS8493", "category": 58, "semester": 4, "branch": "CSE", "program_type": "UG", "is_elective": false, "elective_vertical": null, "is_mandatory": true, "created_at": "2026-02-10T17:51:12.245Z", "updated_at": "2026-02-10T17:51:12.245Z"}}, {"model": "main_app.regulationcourseplan", "pk": 59, "fields": {"regulation": 3, "course": "CS8494", "category": 58, "semester": 4, "branch": "CSE", "program_type": "UG", "is_elective": false, "elective_vertical": null, "is_mandatory": true, "created_at": "2026-02-10T17:51:12.252Z", "updated_at": "2026-02-10T17:51:12.252Z"}}, {"model": "main_app.regulationcourseplan", "pk": 60, "fields": {"regulation": 3, "course": "CS8481", "category": 58, "semester": 4, "branch": "CSE", "program_type": "UG", "is_elective": false, "elective_vertical": null, "is_mandatory": true, "created_at": "2026-02-10T17:51:12.259Z", "updated_at": "2026-02-10T17:51:12.259Z"}}, {"model": "main_app.regulationcourseplan", "pk": 61, "fields": {"regulation": 3, "course": "CS8461", "category": 58, "semester": 4, "branch": "CSE", "program_type": "UG", "is_elective": false, "elective_vertical": null, "is_mandatory": true, "created_at": "2026-02-10T17:51:12.267Z", "updated_at": "2026-02-10T17:51:12.267Z"}}, {"model": "main_app.regulationcourseplan", "pk": 62, "fields": {"regulation": 3, "course": "MA8551", "category": 56, "semester": 5, "branch": "CSE", "program_type": "UG", "is_elective": false, "elective_vertical": null, "is_mandatory": true, "created_at": "2026-02-10T17:51:12.276Z", "updated_at": "2026-02-10T17:51:12.276Z"}}, {"model": "main_app.regulationcourseplan", "pk": 63, "fields": {"regulation": 3, "course": "CS8591", "category": 58, "semester": 5, "branch": "CSE", "program_type": "UG", "is_elective": false, "elective_vertical": null, "is_mandatory": true, "created_at": "2026-02-10T17:51:12.283Z", "updated_at": "2026-02-10T17:51:12.283Z"}}, {"model": "main_app.regulationcourseplan", "pk": 64, "fields": {"regulation": 3, "course": "CS8501", "category": 58, "semester": 5, "branch": "CSE", "program_type": "UG", "is_elective": false, "elective_vertical": null, "is_mandatory": true, "created_at": "2026-02-10T17:51:12.344Z", "updated_at": "2026-02-10T17:51:12.344Z"}}, {"model": "main_app.regulationcourseplan", "pk": 65, "fields": {"regulation": 3, "course": "CS8592", "category": 58, "semester": 5, "branch": "CSE", "program_type": "UG", "is_elective": false, "elective_vertical": null, "is_mandatory": true, "created_at": "2026-02-10T17:51:12.357Z", "updated_at": "2026-02-10T17:51:12.357Z"}}, {"model": "main_app.regulationcourseplan", "pk": 66, "fields": {"regulation": 3, "course": "CS8091", "category": 59, "semester": 5, "branch": "CSE", "program_type": "UG", "is_elective": true, "elective_vertical": null, "is_mandatory": false, "created_at": "2026-02-10T17:51:12.374Z", "updated_at": "2026-02-10T17:51:12.374Z"}}, {"model": "main_app.regulationcourseplan", "pk": 67, "fields": {"regulation": 3, "course": "OCS551", "category": 60, "semester": 5, "branch": "CSE", "program_type": "UG", "is_elective": true, "elective_vertical": null, "is_mandatory": false, "created_at": "2026-02-10T17:51:12.388Z", "updated_at": "2026-02-10T17:51:12.388Z"}}, {"model": "main_app.regulationcourseplan", "pk": 68, "fields": {"regulation": 3, "course": "CS8581", "category": 58, "semester": 5, "branch": "CSE", "program_type": "UG", "is_elective": false, "elective_vertical": null, "is_mandatory": true, "created_at": "2026-02-10T17:51:12.395Z", "updated_at": "2026-02-10T17:51:12.395Z"}}, {"model": "main_app.regulationcourseplan", "pk": 69, "fields": {"regulation": 3, "course": "CS8582", "category": 58, "semester": 5, "branch": "CSE", "program_type": "UG", "is_elective": false, "elective_vertical": null, "is_mandatory": true, "created_at": "2026-02-10T17:51:12.400Z", "updated_at": "2026-02-10T17:51:12.400Z"}}, {"model": "main_app.regulationcourseplan", "pk": 70, "fields": {"regulation": 3, "course": "CS8651", "category": 58, "semester": 6, "branch": "CSE", "program_type": "UG", "is_elective": false, "elective_vertical": null, "is_mandatory": true, "created_at": "2026-02-10T17:51:12.408Z", "updated_at": "2026-02-10T17:51:12.408Z"}}, {"model": "main_app.regulationcourseplan", "pk": 71, "fields": {"regulation": 3, "course": "CS8691", "category": 58, "semester": 6, "branch": "CSE", "program_type": "UG", "is_elective": false, "elective_vertical": null, "is_mandatory": true, "created_at": "2026-02-10T17:51:12.415Z", "updated_at": "2026-02-10T17:51:12.415Z"}}, {"model": "main_app.regulationcourseplan", "pk": 72, "fields": {"regulation": 3, "course": "CS8601", "category": 58, "semester": 6, "branch": "CSE", "program_type": "UG", "is_elective": false, "elective_vertical": null, "is_mandatory": true, "created_at": "2026-02-10T17:51:12.421Z", "updated_at": "2026-02-10T17:51:12.421Z"}}, {"model": "main_app.regulationcourseplan", "pk": 73, "fields": {"regulation": 3, "course": "CS8602", "category": 58, "semester": 6, "branch": "CSE", "program_type": "UG", "is_elective": false, "elective_vertical": null, "is_mandatory": true, "created_at": "2026-02-10T17:51:12.429Z", "updated_at": "2026-02-10T17:51:12.429Z"}}, {"model": "main_app.regulationcourseplan", "pk": 74, "fields": {"regulation": 3, "course": "CS8092", "category": 59, "semester": 6, "branch": "CSE", "program_type": "UG", "is_elective": true, "elective_vertical": null, "is_mandatory": false, "created_at": "2026-02-10T17:51:12.436Z", "updated_at": "2026-02-10T17:51:12.436Z"}}, {"model": "main_app.regulationcourseplan", "pk": 75, "fields": {"regulation": 3, "course": "OCS651", "category": 60, "semester": 6, "branch": "CSE", "program_type": "UG", "is_elective": true, "elective_vertical": null, "is_mandatory": false, "created_at": "2026-02-10T17:51:12.443Z", "updated_at": "2026-02-10T17:51:12.443Z"}}, {"model": "main_app.regulationcourseplan", "pk": 76, "fields": {"regulation": 3, "course": "CS8661", "category": 58, "semester": 6, "branch": "CSE", "program_type": "UG", "is_elective": false, "elective_vertical": null, "is_mandatory": true, "created_at": "2026-02-10T17:51:12.451Z", "updated_at": "2026-02-10T17:51:12.451Z"}}, {"model": "main_app.regulationcourseplan", "pk": 77, "fields": {"regulation": 3, "course": "CS8662", "category": 58, "semester": 6, "branch": "CSE", "program_type": "UG", "is_elective": false, "elective_vertical": null, "is_mandatory": true, "created_at": "2026-02-10T17:51:12.459Z", "updated_at": "2026-02-10T17:51:12.459Z"}}, {"model": "main_app.regulationcourseplan", "pk": 78, "fields": {"regulation": 3, "course": "MG8591", "category": 55, "semester": 7, "branch": "CSE", "program_type": "UG", "is_elective": false, "elective_vertical": null, "is_mandatory": true, "created_at": "2026-02-10T17:51:12.466Z", "updated_at": "2026-02-10T17:51:12.466Z"}}, {"model": "main_app.regulationcourseplan", "pk": 79, "fields": {"regulation": 3, "course": "CS8792", "category": 58, "semester": 7, "branch": "CSE", "program_type": "UG", "is_elective": false, "elective_vertical": null, "is_mandatory": true, "created_at": "2026-02-10T17:51:12.475Z", "updated_at": "2026-02-10T17:51:12.475Z"}}, {"model": "main_app.regulationcourseplan", "pk": 80, "fields": {"regulation": 3, "course": "CS8093", "category": 59, "semester": 7, "branch": "CSE", "program_type": "UG", "is_elective": true, "elective_vertical": null, "is_mandatory": false, "created_at": "2026-02-10T17:51:12.482Z", "updated_at": "2026-02-10T17:51:12.482Z"}}, {"model": "main_app.regulationcourseplan", "pk": 81, "fields": {"regulation": 3, "course": "CS8094", "category": 59, "semester": 7, "branch": "CSE", "program_type": "UG", "is_elective": true, "elective_vertical": null, "is_mandatory": false, "created_at": "2026-02-10T17:51:12.489Z", "updated_at": "2026-02-10T17:51:12.489Z"}}, {"model": "main_app.regulationcourseplan", "pk": 82, "fields": {"regulation": 3, "course": "OCS751", "category": 60, "semester": 7, "branch": "CSE", "program_type": "UG", "is_elective": true, "elective_vertical": null, "is_mandatory": false, "created_at": "2026-02-10T17:51:12.497Z", "updated_at": "2026-02-10T17:51:12.497Z"}}, {"model": "main_app.regulationcourseplan", "pk": 83, "fields": {"regulation": 3, "course": "CS8711", "category": 58, "semester": 7, "branch": "CSE", "program_type": "UG", "is_elective": false, "elective_vertical": null, "is_mandatory": true, "created_at": "2026-02-10T17:51:12.505Z", "updated_at": "2026-02-10T17:51:12.505Z"}}, {"model": "main_app.regulationcourseplan", "pk": 84, "fields": {"regulation": 3, "course": "CS8712", "category": 58, "semester": 7, "branch": "CSE", "program_type": "UG", "is_elective": false, "elective_vertical": null, "is_mandatory": true, "created_at": "2026-02-10T17:51:12.513Z", "updated_at": "2026-02-10T17:51:12.513Z"}}, {"model": "main_app.regulationcourseplan", "pk": 85, "fields": {"regulation": 3, "course": "CS8095", "category": 59, "semester": 8, "branch": "CSE", "program_type": "UG", "is_elective": true, "elective_vertical": null, "is_mandatory": false, "created_at": "2026-02-10T17:51:12.520Z", "updated_at": "2026-02-10T17:51:12.520Z"}}, {"model": "main_app.regulationcourseplan", "pk": 86, "fields": {"regulation": 3, "course": "CS8096", "category": 59, "semester": 8, "branch": "CSE", "program_type": "UG", "is_elective": true, "elective_vertical": null, "is_mandatory": false, "created_at": "2026-02-10T17:51:12.528Z", "updated_at": "2026-02-10T17:51:12.528Z"}}, {"model": "main_app.regulationcourseplan", "pk": 87, "fields": {"regulation": 3, "course": "CS8811", "category": 61, "semester": 8, "branch": "CSE", "program_type": "UG", "is_elective": false, "elective_vertical": null, "is_mandatory": true, "created_at": "2026-02-10T17:51:12.537Z", "updated_at": "2026-02-10T17:51:12.537Z"}}, {"model": "main_app.program", "pk": 2, "fields": {"code": "CSE-OPS", "name": "CSE Spl. in Operations Research", "degree": "ME", "level": "PG", "specialization": "Operations Research", "duration_years": 2, "total_semesters": 4, "default_batch_count": 1, "default_batch_labels": "A", "regulation": 1, "created_at": "2026-02-08T17:13:46.534Z"}}, {"model": "main_app.program", "pk": 5, "fields": {"code": "CSE", "name": "Computer Science and Engineering", "degree": "BE", "level": "UG", "specialization": null, "duration_years": 4, "total_semesters": 8, "default_batch_count": 3, "default_batch_labels": "N,P,Q", "regulation": 1, "created_at": "2026-02-10T14:55:56.889Z"}}, {"model": "main_app.programregulation", "pk": 1, "fields": {"program": 5, "regulation": 3, "effective_from_year": 2017, "effective_to_year": 2022, "is_active": true, "notes": "UG batch admitted 2017-2022 follows R2017", "created_at": "2026-02-10T18:47:35.354Z", "updated_at": "2026-02-10T18:47:35.355Z"}}, {"model": "main_app.programregulation", "pk": 2, "fields": {"program": 5, "regulation": 1, "effective_from_year": 2023, "effective_to_year": null, "is_active": true, "notes": "UG batch admitted 2023+ follows R2023", "created_at": "2026-02-10T18:47:35.365Z", "updated_at": "2026-02-10T18:47:35.365Z"}}, {"model": "main_app.programregulation", "pk": 3, "fields": {"program": 2, "regulation": 3, "effective_from_year": 2017, "effective_to_year": null, "is_active": true, "notes": "PG follows R2017 - no R2023 for PG yet", "created_at": "2026-02-10T18:47:35.371Z", "updated_at": "2026-02-10T18:47:35.371Z"}}, {"model": "main_app.academicyear", "pk": 6, "fields": {"year": "2025-26", "created_at": "2026-02-10T15:13:38.160Z"}}, {"model": "main_app.semester", "pk": 18, "fields": {"academic_year": 6, "semester_number": 1, "start_date": "2025-07-17", "end_date": "2025-12-31"}}, {"model": "main_app.semester", "pk": 19, "fields": {"academic_year": 6, "semester_number": 3, "start_date": "2025-07-17", "end_date": "2025-12-31"}}, {"model": "main_app.semester", "pk": 20, "fields": {"academic_year": 6, "semester_number": 5, "start_date": "2025-07-17", "end_date": "2025-12-31"}}, {"model": "main_app.semester", "pk": 21, "fields": {"academic_year": 6, "semester_number": 7, "start_date": "2025-07-17", "end_date": "2025-12-31"}}, {"model": "main_app.semester", "pk": 22, "fields": {"academic_year": 6, "semester_number": 2, "start_date": "2026-01-15", "end_date": "2026-05-20"}}, {"model": "main_app.semester", "pk": 23, "fields": {"academic_year": 6, "semester_number": 4, "start_date": "2026-01-15", "end_date": "2026-05-20"}}, {"model": "main_app.semester", "pk": 24, "fields": {"academic_year": 6, "semester_number": 6, "start_date": "2026-01-15", "end_date": "2026-05-20"}}, {"model": "main_app.semester", "pk": 25, "fields": {"academic_year": 6, "semester_number": 8, "start_date": "2026-01-15", "end_date": "2026-05-20"}}, {"model": "main_app.programbatch", "pk": 21, "fields": {"academic_year": 6, "program": 2, "year_of_study": 1, "batch_name": "A", "batch_display": "A Section", "capacity": 60, "is_active": true, "created_at": "2026-02-10T15:15:11.553Z"}}, {"model": "main_app.programbatch", "pk": 22, "fields": {"academic_year": 6, "program": 5, "year_of_study": 1, "batch_name": "N", "batch_display": "N Section", "capacity": 60, "is_active": true, "created_at": "2026-02-10T15:15:13.850Z"}}, {"model": "main_app.programbatch", "pk": 23, "fields": {"academic_year": 6, "program": 5, "year_of_study": 1, "batch_name": "P", "batch_display": "P Section", "capacity": 60, "is_active": true, "created_at": "2026-02-10T15:15:13.863Z"}}, {"model": "main_app.programbatch", "pk": 24, "fields": {"academic_year": 6, "program": 5, "year_of_study": 1, "batch_name": "Q", "batch_display": "Q Section", "capacity": 60, "is_active": true, "created_at": "2026-02-10T15:15:13.870Z"}}, {"model": "main_app.programbatch", "pk": 28, "fields": {"academic_year": 6, "program": 5, "year_of_study": 2, "batch_name": "N", "batch_display": "N Section", "capacity": 60, "is_active": true, "created_at": "2026-02-10T17:12:26.005Z"}}, {"model": "main_app.programbatch", "pk": 29, "fields": {"academic_year": 6, "program": 5, "year_of_study": 2, "batch_name": "P", "batch_display": "P Section", "capacity": 60, "is_active": true, "created_at": "2026-02-10T17:12:26.011Z"}}, {"model": "main_app.programbatch", "pk": 30, "fields": {"academic_year": 6, "program": 5, "year_of_study": 2, "batch_name": "Q", "batch_display": "Q Section", "capacity": 60, "is_active": true, "created_at": "2026-02-10T17:12:26.015Z"}}, {"model": "main_app.programbatch", "pk": 31, "fields": {"academic_year": 6, "program": 5, "year_of_study": 3, "batch_name": "N", "batch_display": "N Section", "capacity": 60, "is_active": true, "created_at": "2026-02-10T17:12:26.018Z"}}, {"model": "main_app.programbatch", "pk": 32, "fields": {"academic_year": 6, "program": 5, "year_of_study": 3, "batch_name": "P", "batch_display": "P Section", "capacity": 60, "is_active": true, "created_at": "2026-02-10T17:12:26.022Z"}}, {"model": "main_app.programbatch", "pk": 33, "fields": {"academic_year": 6, "program": 5, "year_of_study": 3, "batch_name": "Q", "batch_display": "Q Section", "capacity": 60, "is_active": true, "created_at": "2026-02-10T17:12:26.026Z"}}, {"model": "main_app.programbatch", "pk": 34, "fields": {"academic_year": 6, "program": 5, "year_of_study": 4, "batch_name": "N", "batch_display": "N Section", "capacity": 60, "is_active": true, "created_at": "2026-02-10T17:12:26.029Z"}}, {"model": "main_app.programbatch", "pk": 35, "fields": {"academic_year": 6, "program": 5, "year_of_study": 4, "batch_name": "P", "batch_display": "P Section", "capacity": 60, "is_active": true, "created_at": "2026-02-10T17:12:26.032Z"}}, {"model": "main_app.programbatch", "pk": 36, "fields": {"academic_year": 6, "program": 5, "year_of_study": 4, "batch_name": "Q", "batch_display": "Q Section", "capacity": 60, "is_active": true, "created_at": "2026-02-10T17:12:26.035Z"}}, {"model": "main_app.faculty_profile", "pk": 1, "fields": {"user": "5e6ec37b-6a8a-4511-ac99-8132e57c89b1", "staff_id": "TEMP_5E6EC37B", "designation": "HOD", "is_external": false, "specialization": null, "qualification": null, "experience_years": 0, "date_of_joining": null, "contract_expiry": null, "cabin_number": null, "created_at": "2026-02-08T16:09:10.448Z", "updated_at": "2026-02-08T16:09:10.448Z"}}, {"model": "main_app.faculty_profile", "pk": 2, "fields": {"user": "07aa7b3d-d31d-41dd-bd2c-854ad5ee5650", "staff_id": "TEMP_07AA7B3D", "designation": "AP", "is_external": false, "specialization": null, "qualification": null, "experience_years": 0, "date_of_joining": null, "contract_expiry": null, "cabin_number": null, "created_at": "2026-02-08T20:06:48.235Z", "updated_at": "2026-02-08T20:06:48.235Z"}}, {"model": "main_app.faculty_profile", "pk": 3, "fields": {"user": "1f3b58cc-e9df-4ca9-808b-a0b6ad26cc2f", "staff_id": "FAC002", "designation": "ASP", "is_external": false, "specialization": null, "qualification": "Ph.D", "experience_years": 0, "date_of_joining": null, "contract_expiry": null, "cabin_number": null, "created_at": "2026-02-08T20:08:01.881Z", "updated_at": "2026-02-08T20:08:02.616Z"}}, {"model": "main_app.faculty_profile", "pk": 4, "fields": {"user": "4ff51ea2-f588-475d-8c91-225320e90a7b", "staff_id": "FAC003", "designation": "AP", "is_external": false, "specialization": null, "qualification": "M.Tech", "experience_years": 0, "date_of_joining": null, "contract_expiry": null, "cabin_number": null, "created_at": "2026-02-08T20:08:02.622Z", "updated_at": "2026-02-08T20:08:03.338Z"}}, {"model": "main_app.faculty_profile", "pk": 5, "fields": {"user": "9f7fd7e6-767b-4ef1-8f36-3f15f17c632e", "staff_id": "FAC004", "designation": "AP", "is_external": false, "specialization": null, "qualification": "M.Tech", "experience_years": 0, "date_of_joining": null, "contract_expiry": null, "cabin_number": null, "created_at": "2026-02-08T20:08:03.343Z", "updated_at": "2026-02-08T20:08:04.104Z"}}, {"model": "main_app.faculty_profile", "pk": 6, "fields": {"user": "f91cc6bb-bd5e-447c-9680-e82e604d9de5", "staff_id": "FAC005", "designation": "PROF", "is_external": false, "specialization": null, "qualification": "Ph.D", "experience_years": 0, "date_of_joining": null, "contract_expiry": null, "cabin_number": null, "created_at": "2026-02-08T20:08:04.110Z", "updated_at": "2026-02-08T20:08:04.912Z"}}, {"model": "main_app.faculty_profile", "pk": 11, "fields": {"user": "960b4048-47a2-44a3-b784-b54a52d4452e", "staff_id": "FAC006", "designation": "ASP", "is_external": false, "specialization": "Machine Learning, Deep Learning", "qualification": "Ph.D., M.Tech", "experience_years": 12, "date_of_joining": "2014-07-01", "contract_expiry": null, "cabin_number": null, "created_at": "2026-02-10T19:29:13.201Z", "updated_at": "2026-02-10T19:29:13.219Z"}}, {"model": "main_app.faculty_profile", "pk": 12, "fields": {"user": "e88b81d5-d969-4556-aa09-7514ade0efd4", "staff_id": "FAC007", "designation": "AP", "is_external": false, "specialization": "Cloud Computing, DevOps", "qualification": "M.Tech, B.E.", "experience_years": 6, "date_of_joining": "2020-07-01", "contract_expiry": null, "cabin_number": null, "created_at": "2026-02-10T19:29:14.485Z", "updated_at": "2026-02-10T19:29:14.487Z"}}, {"model": "main_app.faculty_profile", "pk": 13, "fields": {"user": "880e1684-0cd5-4e7a-b6d5-a94c5d2524dc", "staff_id": "FAC008", "designation": "ASP", "is_external": false, "specialization": "Data Science, Big Data Analytics", "qualification": "Ph.D., M.E.", "experience_years": 10, "date_of_joining": "2016-07-01", "contract_expiry": null, "cabin_number": null, "created_at": "2026-02-10T19:29:15.745Z", "updated_at": "2026-02-10T19:29:15.747Z"}}, {"model": "main_app.faculty_profile", "pk": 14, "fields": {"user": "e71ab31c-4419-4ad6-90be-7cf16c07c364", "staff_id": "FAC009", "designation": "PROF", "is_external": false, "specialization": "Computer Networks, Cyber Security", "qualification": "Ph.D., M.Tech", "experience_years": 18, "date_of_joining": "2008-07-01", "contract_expiry": null, "cabin_number": null, "created_at": "2026-02-10T19:29:17.012Z", "updated_at": "2026-02-10T19:29:17.014Z"}}, {"model": "main_app.faculty_profile", "pk": 15, "fields": {"user": "31632cb5-921d-4410-8bd6-eb09ac54bb85", "staff_id": "FAC010", "designation": "AP", "is_external": false, "specialization": "Software Engineering, Agile Methods", "qualification": "M.E., B.Tech", "experience_years": 5, "date_of_joining": "2021-07-01", "contract_expiry": null, "cabin_number": null, "created_at": "2026-02-10T19:29:17.990Z", "updated_at": "2026-02-10T19:29:17.992Z"}}, {"model": "main_app.faculty_profile", "pk": 16, "fields": {"user": "1ae0e6aa-164d-4fb0-9b1f-02a75af4696e", "staff_id": "FAC011", "designation": "AP", "is_external": false, "specialization": "Internet of Things, Embedded Systems", "qualification": "M.Tech, B.E.", "experience_years": 4, "date_of_joining": "2022-07-01", "contract_expiry": null, "cabin_number": null, "created_at": "2026-02-10T19:29:18.863Z", "updated_at": "2026-02-10T19:29:18.865Z"}}, {"model": "main_app.faculty_profile", "pk": 17, "fields": {"user": "2782928d-bac6-448a-b227-84cfa1e528ea", "staff_id": "FAC012", "designation": "ASP", "is_external": false, "specialization": "Natural Language Processing, AI", "qualification": "Ph.D., M.Tech", "experience_years": 11, "date_of_joining": "2015-07-01", "contract_expiry": null, "cabin_number": null, "created_at": "2026-02-10T19:29:19.736Z", "updated_at": "2026-02-10T19:29:19.737Z"}}, {"model": "main_app.faculty_profile", "pk": 18, "fields": {"user": "bd8eb903-babf-45a6-97ef-481b71738dbc", "staff_id": "FAC013", "designation": "AP", "is_external": false, "specialization": "Database Systems, Data Mining", "qualification": "M.E., B.Tech", "experience_years": 7, "date_of_joining": "2019-07-01", "contract_expiry": null, "cabin_number": null, "created_at": "2026-02-10T19:29:20.664Z", "updated_at": "2026-02-10T19:29:20.665Z"}}, {"model": "main_app.faculty_profile", "pk": 19, "fields": {"user": "d7a31219-06dc-4d6a-96ac-129b188383f5", "staff_id": "FAC014", "designation": "PROF", "is_external": false, "specialization": "Computer Vision, Image Processing", "qualification": "Ph.D., M.E.", "experience_years": 20, "date_of_joining": "2006-07-01", "contract_expiry": null, "cabin_number": null, "created_at": "2026-02-10T19:29:21.591Z", "updated_at": "2026-02-10T19:29:21.594Z"}}, {"model": "main_app.faculty_profile", "pk": 20, "fields": {"user": "e3ec1290-ba59-49bf-b406-67238231f3c5", "staff_id": "FAC015", "designation": "AP", "is_external": false, "specialization": "Blockchain, Distributed Systems", "qualification": "M.Tech, B.E.", "experience_years": 3, "date_of_joining": "2023-07-01", "contract_expiry": null, "cabin_number": null, "created_at": "2026-02-10T19:29:22.497Z", "updated_at": "2026-02-10T19:29:22.498Z"}}, {"model": "main_app.student_profile", "pk": 91, "fields": {"user": "de266867-f45e-4f4c-baca-a9cbea440e67", "register_no": "9999000011", "admission_batch": null, "batch_label": "N", "branch": "CSE", "program_type": "UG", "regulation": 1, "entry_type": "REGULAR", "current_sem": 6, "status": "ACTIVE", "admission_year": 2023, "graduation_year": null, "advisor": null, "parent_name": null, "parent_phone": null, "blood_group": null, "created_at": "2026-02-10T17:20:21.392Z", "updated_at": "2026-02-10T17:20:21.416Z"}}, {"model": "main_app.student_profile", "pk": 92, "fields": {"user": "867570f6-3611-4858-83dd-decea9df2273", "register_no": "9999000012", "admission_batch": null, "batch_label": "P", "branch": "CSE", "program_type": "UG", "regulation": 3, "entry_type": "REGULAR", "current_sem": 8, "status": "ACTIVE", "admission_year": 2022, "graduation_year": null, "advisor": null, "parent_name": null, "parent_phone": null, "blood_group": null, "created_at": "2026-02-10T17:20:21.441Z", "updated_at": "2026-02-10T17:20:21.445Z"}}, {"model": "main_app.student_profile", "pk": 93, "fields": {"user": "a04885cf-35fd-4ecc-9534-cdbaac69d4d6", "register_no": "9999000021", "admission_batch": null, "batch_label": "N", "branch": "CSE", "program_type": "UG", "regulation": 1, "entry_type": "REGULAR", "current_sem": 4, "status": "ACTIVE", "admission_year": 2024, "graduation_year": null, "advisor": null, "parent_name": null, "parent_phone": null, "blood_group": null, "created_at": "2026-02-10T17:20:21.461Z", "updated_at": "2026-02-10T17:20:21.465Z"}}, {"model": "main_app.student_profile", "pk": 94, "fields": {"user": "f8856261-588b-49e8-8c14-087c69d2a92d", "register_no": "9999000022", "admission_batch": null, "batch_label": "Q", "branch": "CSE", "program_type": "UG", "regulation": 1, "entry_type": "REGULAR", "current_sem": 4, "status": "ACTIVE", "admission_year": 2024, "graduation_year": null, "advisor": null, "parent_name": null, "parent_phone": null, "blood_group": null, "created_at": "2026-02-10T17:20:21.481Z", "updated_at": "2026-02-10T17:20:21.484Z"}}, {"model": "main_app.student_profile", "pk": 95, "fields": {"user": "040c0480-1a96-4ea9-be35-4e53885f8cc4", "register_no": "9999000031", "admission_batch": null, "batch_label": "P", "branch": "CSE", "program_type": "UG", "regulation": 1, "entry_type": "REGULAR", "current_sem": 6, "status": "ACTIVE", "admission_year": 2023, "graduation_year": null, "advisor": null, "parent_name": null, "parent_phone": null, "blood_group": null, "created_at": "2026-02-10T17:20:21.501Z", "updated_at": "2026-02-10T17:20:21.506Z"}}, {"model": "main_app.student_profile", "pk": 96, "fields": {"user": "644813e5-8e66-4ff4-875b-0059c4243372", "register_no": "9999000032", "admission_batch": null, "batch_label": "N", "branch": "CSE", "program_type": "UG", "regulation": 1, "entry_type": "REGULAR", "current_sem": 6, "status": "ACTIVE", "admission_year": 2023, "graduation_year": null, "advisor": null, "parent_name": null, "parent_phone": null, "blood_group": null, "created_at": "2026-02-10T17:20:21.521Z", "updated_at": "2026-02-10T17:20:21.525Z"}}, {"model": "main_app.student_profile", "pk": 97, "fields": {"user": "f06de0f9-fd2d-4446-b499-1eb92ed42d18", "register_no": "9999000041", "admission_batch": null, "batch_label": "Q", "branch": "CSE", "program_type": "UG", "regulation": 3, "entry_type": "REGULAR", "current_sem": 8, "status": "ACTIVE", "admission_year": 2022, "graduation_year": null, "advisor": null, "parent_name": null, "parent_phone": null, "blood_group": null, "created_at": "2026-02-10T17:20:21.540Z", "updated_at": "2026-02-10T17:20:21.545Z"}}, {"model": "main_app.student_profile", "pk": 98, "fields": {"user": "4379f986-1e07-41b9-baa3-b57636f87e82", "register_no": "9999000042", "admission_batch": null, "batch_label": "P", "branch": "CSE", "program_type": "UG", "regulation": 3, "entry_type": "REGULAR", "current_sem": 8, "status": "ACTIVE", "admission_year": 2022, "graduation_year": null, "advisor": null, "parent_name": null, "parent_phone": null, "blood_group": null, "created_at": "2026-02-10T17:20:21.560Z", "updated_at": "2026-02-10T17:20:21.564Z"}}, {"model": "main_app.student_profile", "pk": 99, "fields": {"user": "e3c336f7-b961-476a-89b4-cdda0dde1606", "register_no": "9999000051", "admission_batch": null, "batch_label": "N", "branch": "CSE", "program_type": "UG", "regulation": 1, "entry_type": "LATERAL", "current_sem": 6, "status": "ACTIVE", "admission_year": 2024, "graduation_year": null, "advisor": null, "parent_name": null, "parent_phone": null, "blood_group": null, "created_at": "2026-02-10T17:20:21.578Z", "updated_at": "2026-02-10T17:20:21.583Z"}}, {"model": "main_app.student_profile", "pk": 100, "fields": {"user": "467ec7b0-ba8a-441e-b564-d536ba800948", "register_no": "9999000052", "admission_batch": null, "batch_label": "Q", "branch": "CSE", "program_type": "UG", "regulation": 3, "entry_type": "LATERAL", "current_sem": 8, "status": "ACTIVE", "admission_year": 2023, "graduation_year": null, "advisor": null, "parent_name": null, "parent_phone": null, "blood_group": null, "created_at": "2026-02-10T17:20:21.598Z", "updated_at": "2026-02-10T17:20:21.601Z"}}, {"model": "main_app.student_profile", "pk": 109, "fields": {"user": "2f585ba6-1cdb-4dd3-a1c0-a4690dbcf3f4", "register_no": "1999000001", "admission_batch": null, "batch_label": "N", "branch": "CSE", "program_type": "UG", "regulation": 1, "entry_type": "REGULAR", "current_sem": 2, "status": "ACTIVE", "admission_year": 2025, "graduation_year": null, "advisor": null, "parent_name": null, "parent_phone": null, "blood_group": null, "created_at": "2026-02-10T17:28:56.424Z", "updated_at": "2026-02-10T17:28:56.430Z"}}, {"model": "main_app.student_profile", "pk": 110, "fields": {"user": "7afdfaf8-3cf5-4d42-accd-0b0f4e7c177a", "register_no": "1999000002", "admission_batch": null, "batch_label": "P", "branch": "CSE", "program_type": "UG", "regulation": 1, "entry_type": "REGULAR", "current_sem": 2, "status": "ACTIVE", "admission_year": 2025, "graduation_year": null, "advisor": null, "parent_name": null, "parent_phone": null, "blood_group": null, "created_at": "2026-02-10T17:28:56.453Z", "updated_at": "2026-02-10T17:28:56.457Z"}}, {"model": "main_app.student_profile", "pk": 111, "fields": {"user": "85edaad2-a7b6-4016-919b-d408279e3258", "register_no": "1999000003", "admission_batch": null, "batch_label": "Q", "branch": "CSE", "program_type": "UG", "regulation": 1, "entry_type": "REGULAR", "current_sem": 2, "status": "ACTIVE", "admission_year": 2025, "graduation_year": null, "advisor": null, "parent_name": null, "parent_phone": null, "blood_group": null, "created_at": "2026-02-10T17:28:56.473Z", "updated_at": "2026-02-10T17:28:56.477Z"}}, {"model": "main_app.student_profile", "pk": 112, "fields": {"user": "79f37916-c2ec-4078-a229-0e0b728e035b", "register_no": "1999000004", "admission_batch": null, "batch_label": "N", "branch": "CSE", "program_type": "UG", "regulation": 1, "entry_type": "REGULAR", "current_sem": 2, "status": "ACTIVE", "admission_year": 2025, "graduation_year": null, "advisor": null, "parent_name": null, "parent_phone": null, "blood_group": null, "created_at": "2026-02-10T17:28:56.494Z", "updated_at": "2026-02-10T17:28:56.498Z"}}, {"model": "main_app.student_profile", "pk": 113, "fields": {"user": "edb41516-5206-4ebb-bd21-fabaf6ce9341", "register_no": "1999000005", "admission_batch": null, "batch_label": "P", "branch": "CSE", "program_type": "UG", "regulation": 1, "entry_type": "REGULAR", "current_sem": 2, "status": "ACTIVE", "admission_year": 2025, "graduation_year": null, "advisor": null, "parent_name": null, "parent_phone": null, "blood_group": null, "created_at": "2026-02-10T17:28:56.511Z", "updated_at": "2026-02-10T17:28:56.516Z"}}, {"model": "main_app.student_profile", "pk": 114, "fields": {"user": "e1618194-87e8-4af1-9c0d-5f2e177d91d5", "register_no": "1999000006", "admission_batch": null, "batch_label": "Q", "branch": "CSE", "program_type": "UG", "regulation": 1, "entry_type": "REGULAR", "current_sem": 2, "status": "ACTIVE", "admission_year": 2025, "graduation_year": null, "advisor": null, "parent_name": null, "parent_phone": null, "blood_group": null, "created_at": "2026-02-10T17:28:56.529Z", "updated_at": "2026-02-10T17:28:56.534Z"}}, {"model": "main_app.student_profile", "pk": 115, "fields": {"user": "d4841897-2bea-4956-94a5-b0f5799fa33f", "register_no": "1999000007", "admission_batch": null, "batch_label": "N", "branch": "CSE", "program_type": "UG", "regulation": 1, "entry_type": "REGULAR", "current_sem": 2, "status": "ACTIVE", "admission_year": 2025, "graduation_year": null, "advisor": null, "parent_name": null, "parent_phone": null, "blood_group": null, "created_at": "2026-02-10T17:28:56.548Z", "updated_at": "2026-02-10T17:28:56.552Z"}}, {"model": "main_app.student_profile", "pk": 116, "fields": {"user": "9172fdec-8b3c-4fa4-9611-b8abe5f5662c", "register_no": "1999000008", "admission_batch": null, "batch_label": "P", "branch": "CSE", "program_type": "UG", "regulation": 1, "entry_type": "LATERAL", "current_sem": 4, "status": "ACTIVE", "admission_year": 2025, "graduation_year": null, "advisor": null, "parent_name": null, "parent_phone": null, "blood_group": null, "created_at": "2026-02-10T17:28:56.567Z", "updated_at": "2026-02-10T17:28:56.571Z"}}, {"model": "main_app.course", "pk": "BE8255", "fields": {"title": "Basic Electrical and Electronics Engineering", "course_type": "T", "credits": 3, "lecture_hours": 3, "tutorial_hours": 0, "practical_hours": 0, "syllabus_file": "", "is_placeholder": false, "placeholder_type": null, "slot_number": null, "created_at": "2026-02-10T17:51:12.107Z", "updated_at": "2026-02-10T17:51:12.107Z"}}, {"model": "main_app.course", "pk": "BS8161", "fields": {"title": "Physics and Chemistry Laboratory", "course_type": "L", "credits": 2, "lecture_hours": 0, "tutorial_hours": 0, "practical_hours": 4, "syllabus_file": "", "is_placeholder": false, "placeholder_type": null, "slot_number": null, "created_at": "2026-02-10T17:51:12.076Z", "updated_at": "2026-02-10T17:51:12.076Z"}}, {"model": "main_app.course", "pk": "CS23201", "fields": {"title": "Object Oriented Programming", "course_type": "LIT", "credits": 3, "lecture_hours": 2, "tutorial_hours": 0, "practical_hours": 2, "syllabus_file": "", "is_placeholder": false, "placeholder_type": null, "slot_number": null, "created_at": "2026-02-08T16:11:08.327Z", "updated_at": "2026-02-08T16:11:08.327Z"}}, {"model": "main_app.course", "pk": "CS23301", "fields": {"title": "Software Engineering", "course_type": "T", "credits": 3, "lecture_hours": 3, "tutorial_hours": 0, "practical_hours": 0, "syllabus_file": "", "is_placeholder": false, "placeholder_type": null, "slot_number": null, "created_at": "2026-02-08T16:11:08.335Z", "updated_at": "2026-02-08T16:11:08.335Z"}}, {"model": "main_app.course", "pk": "CS23302", "fields": {"title": "Data Structures", "course_type": "LIT", "credits": 5, "lecture_hours": 3, "tutorial_hours": 0, "practical_hours": 4, "syllabus_file": "", "is_placeholder": false, "placeholder_type": null, "slot_number": null, "created_at": "2026-02-08T16:11:08.339Z", "updated_at": "2026-02-08T16:11:08.339Z"}}, {"model": "main_app.course", "pk": "CS23303", "fields": {"title": "Digital System Design", "course_type": "LIT", "credits": 5, "lecture_hours": 3, "tutorial_hours": 0, "practical_hours": 4, "syllabus_file": "", "is_placeholder": false, "placeholder_type": null, "slot_number": null, "created_at": "2026-02-08T16:11:08.343Z", "updated_at": "2026-02-08T16:11:08.343Z"}}, {"model": "main_app.course", "pk": "CS23304", "fields": {"title": "Java Programming", "course_type": "LIT", "credits": 5, "lecture_hours": 3, "tutorial_hours": 0, "practical_hours": 4, "syllabus_file": "", "is_placeholder": false, "placeholder_type": null, "slot_number": null, "created_at": "2026-02-08T16:11:08.346Z", "updated_at": "2026-02-08T16:11:08.346Z"}}, {"model": "main_app.course", "pk": "CS23401", "fields": {"title": "Database Management Systems", "course_type": "LIT", "credits": 5, "lecture_hours": 3, "tutorial_hours": 0, "practical_hours": 4, "syllabus_file": "", "is_placeholder": false, "placeholder_type": null, "slot_number": null, "created_at": "2026-02-08T16:11:08.360Z", "updated_at": "2026-02-08T16:11:08.360Z"}}, {"model": "main_app.course", "pk": "CS23402", "fields": {"title": "Computer Architecture", "course_type": "LIT", "credits": 4, "lecture_hours": 3, "tutorial_hours": 0, "practical_hours": 2, "syllabus_file": "", "is_placeholder": false, "placeholder_type": null, "slot_number": null, "created_at": "2026-02-08T16:11:08.365Z", "updated_at": "2026-02-08T16:11:08.365Z"}}, {"model": "main_app.course", "pk": "CS23403", "fields": {"title": "Full Stack Technologies", "course_type": "LIT", "credits": 4, "lecture_hours": 2, "tutorial_hours": 0, "practical_hours": 4, "syllabus_file": "", "is_placeholder": false, "placeholder_type": null, "slot_number": null, "created_at": "2026-02-08T16:11:08.369Z", "updated_at": "2026-02-08T16:11:08.369Z"}}, {"model": "main_app.course", "pk": "CS23404", "fields": {"title": "Design and Analysis of Algorithms", "course_type": "T", "credits": 3, "lecture_hours": 3, "tutorial_hours": 0, "practical_hours": 0, "syllabus_file": "", "is_placeholder": false, "placeholder_type": null, "slot_number": null, "created_at": "2026-02-08T16:11:08.372Z", "updated_at": "2026-02-08T16:11:08.372Z"}}, {"model": "main_app.course", "pk": "CS23501", "fields": {"title": "Operating Systems", "course_type": "LIT", "credits": 5, "lecture_hours": 3, "tutorial_hours": 0, "practical_hours": 4, "syllabus_file": "", "is_placeholder": false, "placeholder_type": null, "slot_number": null, "created_at": "2026-02-08T16:11:08.376Z", "updated_at": "2026-02-08T16:11:08.376Z"}}, {"model": "main_app.course", "pk": "CS23502", "fields": {"title": "Networks and Data Communication", "course_type": "LIT", "credits": 5, "lecture_hours": 3, "tutorial_hours": 0, "practical_hours": 4, "syllabus_file": "", "is_placeholder": false, "placeholder_type": null, "slot_number": null, "created_at": "2026-02-08T16:11:08.380Z", "updated_at": "2026-02-08T16:11:08.380Z"}}, {"model": "main_app.course", "pk": "CS23503", "fields": {"title": "Theory of Computation", "course_type": "T", "credits": 3, "lecture_hours": 3, "tutorial_hours": 0, "practical_hours": 0, "syllabus_file": "", "is_placeholder": false, "placeholder_type": null, "slot_number": null, "created_at": "2026-02-08T16:11:08.384Z", "updated_at": "2026-02-08T16:11:08.384Z"}}, {"model": "main_app.course", "pk": "CS23601", "fields": {"title": "Cryptography and System Security", "course_type": "LIT", "credits": 4, "lecture_hours": 3, "tutorial_hours": 0, "practical_hours": 2, "syllabus_file": "", "is_placeholder": false, "placeholder_type": null, "slot_number": null, "created_at": "2026-02-08T16:11:08.393Z", "updated_at": "2026-02-08T16:11:08.393Z"}}, {"model": "main_app.course", "pk": "CS23602", "fields": {"title": "Compiler Design", "course_type": "LIT", "credits": 4, "lecture_hours": 3, "tutorial_hours": 0, "practical_hours": 2, "syllabus_file": "", "is_placeholder": false, "placeholder_type": null, "slot_number": null, "created_at": "2026-02-08T16:11:08.398Z", "updated_at": "2026-02-08T16:11:08.398Z"}}, {"model": "main_app.course", "pk": "CS23603", "fields": {"title": "Machine Learning", "course_type": "LIT", "credits": 5, "lecture_hours": 3, "tutorial_hours": 0, "practical_hours": 4, "syllabus_file": "", "is_placeholder": false, "placeholder_type": null, "slot_number": null, "created_at": "2026-02-08T16:11:08.401Z", "updated_at": "2026-02-08T16:11:08.401Z"}}, {"model": "main_app.course", "pk": "CS23604", "fields": {"title": "Creative and Innovative Project", "course_type": "L", "credits": 2, "lecture_hours": 0, "tutorial_hours": 0, "practical_hours": 4, "syllabus_file": "", "is_placeholder": false, "placeholder_type": null, "slot_number": null, "created_at": "2026-02-08T16:11:08.409Z", "updated_at": "2026-02-08T16:11:08.409Z"}}, {"model": "main_app.course", "pk": "CS23L01", "fields": {"title": "Self Learning Course", "course_type": "T", "credits": 1, "lecture_hours": 1, "tutorial_hours": 0, "practical_hours": 0, "syllabus_file": "", "is_placeholder": false, "placeholder_type": null, "slot_number": null, "created_at": "2026-02-08T16:11:08.388Z", "updated_at": "2026-02-08T16:11:08.388Z"}}, {"model": "main_app.course", "pk": "CS23U01", "fields": {"title": "Standards - Computer Science and Engineering", "course_type": "T", "credits": 1, "lecture_hours": 1, "tutorial_hours": 0, "practical_hours": 0, "syllabus_file": "", "is_placeholder": false, "placeholder_type": null, "slot_number": null, "created_at": "2026-02-08T16:11:08.350Z", "updated_at": "2026-02-08T16:11:08.350Z"}}, {"model": "main_app.course", "pk": "CS23U02", "fields": {"title": "Perspectives of Sustainability Development", "course_type": "LIT", "credits": 3, "lecture_hours": 2, "tutorial_hours": 0, "practical_hours": 2, "syllabus_file": "", "is_placeholder": false, "placeholder_type": null, "slot_number": null, "created_at": "2026-02-08T16:11:08.405Z", "updated_at": "2026-02-08T16:11:08.405Z"}}, {"model": "main_app.course", "pk": "CS8091", "fields": {"title": "Big Data Analytics", "course_type": "T", "credits": 3, "lecture_hours": 3, "tutorial_hours": 0, "practical_hours": 0, "syllabus_file": "", "is_placeholder": false, "placeholder_type": null, "slot_number": null, "created_at": "2026-02-10T17:51:12.361Z", "updated_at": "2026-02-10T17:51:12.361Z"}}, {"model": "main_app.course", "pk": "CS8092", "fields": {"title": "Cloud Computing", "course_type": "T", "credits": 3, "lecture_hours": 3, "tutorial_hours": 0, "practical_hours": 0, "syllabus_file": "", "is_placeholder": false, "placeholder_type": null, "slot_number": null, "created_at": "2026-02-10T17:51:12.433Z", "updated_at": "2026-02-10T17:51:12.433Z"}}, {"model": "main_app.course", "pk": "CS8093", "fields": {"title": "Machine Learning", "course_type": "T", "credits": 3, "lecture_hours": 3, "tutorial_hours": 0, "practical_hours": 0, "syllabus_file": "", "is_placeholder": false, "placeholder_type": null, "slot_number": null, "created_at": "2026-02-10T17:51:12.478Z", "updated_at": "2026-02-10T17:51:12.478Z"}}, {"model": "main_app.course", "pk": "CS8094", "fields": {"title": "Deep Learning", "course_type": "T", "credits": 3, "lecture_hours": 3, "tutorial_hours": 0, "practical_hours": 0, "syllabus_file": "", "is_placeholder": false, "placeholder_type": null, "slot_number": null, "created_at": "2026-02-10T17:51:12.485Z", "updated_at": "2026-02-10T17:51:12.485Z"}}, {"model": "main_app.course", "pk": "CS8095", "fields": {"title": "Internet of Things", "course_type": "T", "credits": 3, "lecture_hours": 3, "tutorial_hours": 0, "practical_hours": 0, "syllabus_file": "", "is_placeholder": false, "placeholder_type": null, "slot_number": null, "created_at": "2026-02-10T17:51:12.516Z", "updated_at": "2026-02-10T17:51:12.516Z"}}, {"model": "main_app.course", "pk": "CS8096", "fields": {"title": "Blockchain Technology", "course_type": "T", "credits": 3, "lecture_hours": 3, "tutorial_hours": 0, "practical_hours": 0, "syllabus_file": "", "is_placeholder": false, "placeholder_type": null, "slot_number": null, "created_at": "2026-02-10T17:51:12.524Z", "updated_at": "2026-02-10T17:51:12.524Z"}}, {"model": "main_app.course", "pk": "CS8251", "fields": {"title": "Programming in C", "course_type": "T", "credits": 3, "lecture_hours": 3, "tutorial_hours": 0, "practical_hours": 0, "syllabus_file": "", "is_placeholder": false, "placeholder_type": null, "slot_number": null, "created_at": "2026-02-10T17:51:12.123Z", "updated_at": "2026-02-10T17:51:12.123Z"}}, {"model": "main_app.course", "pk": "CS8261", "fields": {"title": "C Programming Laboratory", "course_type": "L", "credits": 2, "lecture_hours": 0, "tutorial_hours": 0, "practical_hours": 4, "syllabus_file": "", "is_placeholder": false, "placeholder_type": null, "slot_number": null, "created_at": "2026-02-10T17:51:12.138Z", "updated_at": "2026-02-10T17:51:12.138Z"}}, {"model": "main_app.course", "pk": "CS8351", "fields": {"title": "Digital Principles and System Design", "course_type": "T", "credits": 3, "lecture_hours": 3, "tutorial_hours": 0, "practical_hours": 0, "syllabus_file": "", "is_placeholder": false, "placeholder_type": null, "slot_number": null, "created_at": "2026-02-10T17:51:12.154Z", "updated_at": "2026-02-10T17:51:12.154Z"}}, {"model": "main_app.course", "pk": "CS8381", "fields": {"title": "Data Structures Laboratory", "course_type": "L", "credits": 2, "lecture_hours": 0, "tutorial_hours": 0, "practical_hours": 4, "syllabus_file": "", "is_placeholder": false, "placeholder_type": null, "slot_number": null, "created_at": "2026-02-10T17:51:12.186Z", "updated_at": "2026-02-10T17:51:12.186Z"}}, {"model": "main_app.course", "pk": "CS8382", "fields": {"title": "Digital Systems Laboratory", "course_type": "L", "credits": 2, "lecture_hours": 0, "tutorial_hours": 0, "practical_hours": 4, "syllabus_file": "", "is_placeholder": false, "placeholder_type": null, "slot_number": null, "created_at": "2026-02-10T17:51:12.200Z", "updated_at": "2026-02-10T17:51:12.200Z"}}, {"model": "main_app.course", "pk": "CS8383", "fields": {"title": "Object Oriented Programming Laboratory", "course_type": "L", "credits": 2, "lecture_hours": 0, "tutorial_hours": 0, "practical_hours": 4, "syllabus_file": "", "is_placeholder": false, "placeholder_type": null, "slot_number": null, "created_at": "2026-02-10T17:51:12.192Z", "updated_at": "2026-02-10T17:51:12.192Z"}}, {"model": "main_app.course", "pk": "CS8391", "fields": {"title": "Data Structures", "course_type": "T", "credits": 3, "lecture_hours": 3, "tutorial_hours": 0, "practical_hours": 0, "syllabus_file": "", "is_placeholder": false, "placeholder_type": null, "slot_number": null, "created_at": "2026-02-10T17:51:12.162Z", "updated_at": "2026-02-10T17:51:12.162Z"}}, {"model": "main_app.course", "pk": "CS8392", "fields": {"title": "Object Oriented Programming", "course_type": "T", "credits": 3, "lecture_hours": 3, "tutorial_hours": 0, "practical_hours": 0, "syllabus_file": "", "is_placeholder": false, "placeholder_type": null, "slot_number": null, "created_at": "2026-02-10T17:51:12.169Z", "updated_at": "2026-02-10T17:51:12.169Z"}}, {"model": "main_app.course", "pk": "CS8451", "fields": {"title": "Design and Analysis of Algorithms", "course_type": "T", "credits": 3, "lecture_hours": 3, "tutorial_hours": 0, "practical_hours": 0, "syllabus_file": "", "is_placeholder": false, "placeholder_type": null, "slot_number": null, "created_at": "2026-02-10T17:51:12.231Z", "updated_at": "2026-02-10T17:51:12.231Z"}}, {"model": "main_app.course", "pk": "CS8461", "fields": {"title": "Operating Systems Laboratory", "course_type": "L", "credits": 2, "lecture_hours": 0, "tutorial_hours": 0, "practical_hours": 4, "syllabus_file": "", "is_placeholder": false, "placeholder_type": null, "slot_number": null, "created_at": "2026-02-10T17:51:12.262Z", "updated_at": "2026-02-10T17:51:12.262Z"}}, {"model": "main_app.course", "pk": "CS8481", "fields": {"title": "Database Management Systems Laboratory", "course_type": "L", "credits": 2, "lecture_hours": 0, "tutorial_hours": 0, "practical_hours": 4, "syllabus_file": "", "is_placeholder": false, "placeholder_type": null, "slot_number": null, "created_at": "2026-02-10T17:51:12.255Z", "updated_at": "2026-02-10T17:51:12.255Z"}}, {"model": "main_app.course", "pk": "CS8491", "fields": {"title": "Computer Architecture", "course_type": "T", "credits": 3, "lecture_hours": 3, "tutorial_hours": 0, "practical_hours": 0, "syllabus_file": "", "is_placeholder": false, "placeholder_type": null, "slot_number": null, "created_at": "2026-02-10T17:51:12.215Z", "updated_at": "2026-02-10T17:51:12.215Z"}}, {"model": "main_app.course", "pk": "CS8492", "fields": {"title": "Database Management Systems", "course_type": "T", "credits": 3, "lecture_hours": 3, "tutorial_hours": 0, "practical_hours": 0, "syllabus_file": "", "is_placeholder": false, "placeholder_type": null, "slot_number": null, "created_at": "2026-02-10T17:51:12.223Z", "updated_at": "2026-02-10T17:51:12.223Z"}}, {"model": "main_app.course", "pk": "CS8493", "fields": {"title": "Operating Systems", "course_type": "T", "credits": 3, "lecture_hours": 3, "tutorial_hours": 0, "practical_hours": 0, "syllabus_file": "", "is_placeholder": false, "placeholder_type": null, "slot_number": null, "created_at": "2026-02-10T17:51:12.240Z", "updated_at": "2026-02-10T17:51:12.240Z"}}, {"model": "main_app.course", "pk": "CS8494", "fields": {"title": "Software Engineering", "course_type": "T", "credits": 3, "lecture_hours": 3, "tutorial_hours": 0, "practical_hours": 0, "syllabus_file": "", "is_placeholder": false, "placeholder_type": null, "slot_number": null, "created_at": "2026-02-10T17:51:12.248Z", "updated_at": "2026-02-10T17:51:12.248Z"}}, {"model": "main_app.course", "pk": "CS8501", "fields": {"title": "Theory of Computation", "course_type": "T", "credits": 3, "lecture_hours": 3, "tutorial_hours": 0, "practical_hours": 0, "syllabus_file": "", "is_placeholder": false, "placeholder_type": null, "slot_number": null, "created_at": "2026-02-10T17:51:12.286Z", "updated_at": "2026-02-10T17:51:12.286Z"}}, {"model": "main_app.course", "pk": "CS8581", "fields": {"title": "Networks Laboratory", "course_type": "L", "credits": 2, "lecture_hours": 0, "tutorial_hours": 0, "practical_hours": 4, "syllabus_file": "", "is_placeholder": false, "placeholder_type": null, "slot_number": null, "created_at": "2026-02-10T17:51:12.391Z", "updated_at": "2026-02-10T17:51:12.391Z"}}, {"model": "main_app.course", "pk": "CS8582", "fields": {"title": "Object Oriented Analysis and Design Lab", "course_type": "L", "credits": 2, "lecture_hours": 0, "tutorial_hours": 0, "practical_hours": 4, "syllabus_file": "", "is_placeholder": false, "placeholder_type": null, "slot_number": null, "created_at": "2026-02-10T17:51:12.398Z", "updated_at": "2026-02-10T17:51:12.398Z"}}, {"model": "main_app.course", "pk": "CS8591", "fields": {"title": "Computer Networks", "course_type": "T", "credits": 3, "lecture_hours": 3, "tutorial_hours": 0, "practical_hours": 0, "syllabus_file": "", "is_placeholder": false, "placeholder_type": null, "slot_number": null, "created_at": "2026-02-10T17:51:12.279Z", "updated_at": "2026-02-10T17:51:12.279Z"}}, {"model": "main_app.course", "pk": "CS8592", "fields": {"title": "Object Oriented Analysis and Design", "course_type": "T", "credits": 3, "lecture_hours": 3, "tutorial_hours": 0, "practical_hours": 0, "syllabus_file": "", "is_placeholder": false, "placeholder_type": null, "slot_number": null, "created_at": "2026-02-10T17:51:12.349Z", "updated_at": "2026-02-10T17:51:12.349Z"}}, {"model": "main_app.course", "pk": "CS8601", "fields": {"title": "Mobile Computing", "course_type": "T", "credits": 3, "lecture_hours": 3, "tutorial_hours": 0, "practical_hours": 0, "syllabus_file": "", "is_placeholder": false, "placeholder_type": null, "slot_number": null, "created_at": "2026-02-10T17:51:12.418Z", "updated_at": "2026-02-10T17:51:12.418Z"}}, {"model": "main_app.course", "pk": "CS8602", "fields": {"title": "Compiler Design", "course_type": "T", "credits": 3, "lecture_hours": 3, "tutorial_hours": 0, "practical_hours": 0, "syllabus_file": "", "is_placeholder": false, "placeholder_type": null, "slot_number": null, "created_at": "2026-02-10T17:51:12.425Z", "updated_at": "2026-02-10T17:51:12.425Z"}}, {"model": "main_app.course", "pk": "CS8651", "fields": {"title": "Internet Programming", "course_type": "T", "credits": 3, "lecture_hours": 3, "tutorial_hours": 0, "practical_hours": 0, "syllabus_file": "", "is_placeholder": false, "placeholder_type": null, "slot_number": null, "created_at": "2026-02-10T17:51:12.404Z", "updated_at": "2026-02-10T17:51:12.404Z"}}, {"model": "main_app.course", "pk": "CS8661", "fields": {"title": "Internet Programming Laboratory", "course_type": "L", "credits": 2, "lecture_hours": 0, "tutorial_hours": 0, "practical_hours": 4, "syllabus_file": "", "is_placeholder": false, "placeholder_type": null, "slot_number": null, "created_at": "2026-02-10T17:51:12.446Z", "updated_at": "2026-02-10T17:51:12.446Z"}}, {"model": "main_app.course", "pk": "CS8662", "fields": {"title": "Mobile Application Development Laboratory", "course_type": "L", "credits": 2, "lecture_hours": 0, "tutorial_hours": 0, "practical_hours": 4, "syllabus_file": "", "is_placeholder": false, "placeholder_type": null, "slot_number": null, "created_at": "2026-02-10T17:51:12.454Z", "updated_at": "2026-02-10T17:51:12.454Z"}}, {"model": "main_app.course", "pk": "CS8691", "fields": {"title": "Artificial Intelligence", "course_type": "T", "credits": 3, "lecture_hours": 3, "tutorial_hours": 0, "practical_hours": 0, "syllabus_file": "", "is_placeholder": false, "placeholder_type": null, "slot_number": null, "created_at": "2026-02-10T17:51:12.412Z", "updated_at": "2026-02-10T17:51:12.412Z"}}, {"model": "main_app.course", "pk": "CS8711", "fields": {"title": "Security Laboratory", "course_type": "L", "credits": 2, "lecture_hours": 0, "tutorial_hours": 0, "practical_hours": 4, "syllabus_file": "", "is_placeholder": false, "placeholder_type": null, "slot_number": null, "created_at": "2026-02-10T17:51:12.501Z", "updated_at": "2026-02-10T17:51:12.501Z"}}, {"model": "main_app.course", "pk": "CS8712", "fields": {"title": "Distributed Systems Laboratory", "course_type": "L", "credits": 2, "lecture_hours": 0, "tutorial_hours": 0, "practical_hours": 4, "syllabus_file": "", "is_placeholder": false, "placeholder_type": null, "slot_number": null, "created_at": "2026-02-10T17:51:12.509Z", "updated_at": "2026-02-10T17:51:12.509Z"}}, {"model": "main_app.course", "pk": "CS8792", "fields": {"title": "Cryptography and Network Security", "course_type": "T", "credits": 3, "lecture_hours": 3, "tutorial_hours": 0, "practical_hours": 0, "syllabus_file": "", "is_placeholder": false, "placeholder_type": null, "slot_number": null, "created_at": "2026-02-10T17:51:12.470Z", "updated_at": "2026-02-10T17:51:12.470Z"}}, {"model": "main_app.course", "pk": "CS8811", "fields": {"title": "Project Work", "course_type": "PW", "credits": 10, "lecture_hours": 0, "tutorial_hours": 0, "practical_hours": 20, "syllabus_file": "", "is_placeholder": false, "placeholder_type": null, "slot_number": null, "created_at": "2026-02-10T17:51:12.532Z", "updated_at": "2026-02-10T17:51:12.532Z"}}, {"model": "main_app.course", "pk": "CY23C01", "fields": {"title": "Engineering Chemistry", "course_type": "LIT", "credits": 4, "lecture_hours": 3, "tutorial_hours": 0, "practical_hours": 2, "syllabus_file": "", "is_placeholder": false, "placeholder_type": null, "slot_number": null, "created_at": "2026-02-08T16:11:08.313Z", "updated_at": "2026-02-08T16:11:08.313Z"}}, {"model": "main_app.course", "pk": "CY8151", "fields": {"title": "Engineering Chemistry", "course_type": "T", "credits": 3, "lecture_hours": 3, "tutorial_hours": 0, "practical_hours": 0, "syllabus_file": "", "is_placeholder": false, "placeholder_type": null, "slot_number": null, "created_at": "2026-02-10T17:51:12.046Z", "updated_at": "2026-02-10T17:51:12.046Z"}}, {"model": "main_app.course", "pk": "EC8395", "fields": {"title": "Communication Engineering", "course_type": "T", "credits": 3, "lecture_hours": 3, "tutorial_hours": 0, "practical_hours": 0, "syllabus_file": "", "is_placeholder": false, "placeholder_type": null, "slot_number": null, "created_at": "2026-02-10T17:51:12.176Z", "updated_at": "2026-02-10T17:51:12.176Z"}}, {"model": "main_app.course", "pk": "EN23C02", "fields": {"title": "Professional Communication", "course_type": "LIT", "credits": 3, "lecture_hours": 2, "tutorial_hours": 0, "practical_hours": 2, "syllabus_file": "", "is_placeholder": false, "placeholder_type": null, "slot_number": null, "created_at": "2026-02-08T16:11:08.304Z", "updated_at": "2026-02-08T16:11:08.304Z"}}, {"model": "main_app.course", "pk": "GE8151", "fields": {"title": "Problem Solving and Python Programming", "course_type": "T", "credits": 3, "lecture_hours": 3, "tutorial_hours": 0, "practical_hours": 0, "syllabus_file": "", "is_placeholder": false, "placeholder_type": null, "slot_number": null, "created_at": "2026-02-10T17:51:12.053Z", "updated_at": "2026-02-10T17:51:12.053Z"}}, {"model": "main_app.course", "pk": "GE8152", "fields": {"title": "Engineering Graphics", "course_type": "LIT", "credits": 4, "lecture_hours": 2, "tutorial_hours": 0, "practical_hours": 3, "syllabus_file": "", "is_placeholder": false, "placeholder_type": null, "slot_number": null, "created_at": "2026-02-10T17:51:12.060Z", "updated_at": "2026-02-10T17:51:12.060Z"}}, {"model": "main_app.course", "pk": "GE8161", "fields": {"title": "Problem Solving and Python Programming Lab", "course_type": "L", "credits": 2, "lecture_hours": 0, "tutorial_hours": 0, "practical_hours": 4, "syllabus_file": "", "is_placeholder": false, "placeholder_type": null, "slot_number": null, "created_at": "2026-02-10T17:51:12.068Z", "updated_at": "2026-02-10T17:51:12.068Z"}}, {"model": "main_app.course", "pk": "GE8261", "fields": {"title": "Engineering Practices Laboratory", "course_type": "L", "credits": 2, "lecture_hours": 0, "tutorial_hours": 0, "practical_hours": 4, "syllabus_file": "", "is_placeholder": false, "placeholder_type": null, "slot_number": null, "created_at": "2026-02-10T17:51:12.132Z", "updated_at": "2026-02-10T17:51:12.132Z"}}, {"model": "main_app.course", "pk": "GE8291", "fields": {"title": "Environmental Science and Engineering", "course_type": "T", "credits": 3, "lecture_hours": 3, "tutorial_hours": 0, "practical_hours": 0, "syllabus_file": "", "is_placeholder": false, "placeholder_type": null, "slot_number": null, "created_at": "2026-02-10T17:51:12.114Z", "updated_at": "2026-02-10T17:51:12.114Z"}}, {"model": "main_app.course", "pk": "HS8151", "fields": {"title": "Communicative English", "course_type": "T", "credits": 3, "lecture_hours": 3, "tutorial_hours": 0, "practical_hours": 0, "syllabus_file": "", "is_placeholder": false, "placeholder_type": null, "slot_number": null, "created_at": "2026-02-10T17:51:12.010Z", "updated_at": "2026-02-10T17:51:12.010Z"}}, {"model": "main_app.course", "pk": "HS8251", "fields": {"title": "Technical English", "course_type": "T", "credits": 3, "lecture_hours": 3, "tutorial_hours": 0, "practical_hours": 0, "syllabus_file": "", "is_placeholder": false, "placeholder_type": null, "slot_number": null, "created_at": "2026-02-10T17:51:12.083Z", "updated_at": "2026-02-10T17:51:12.083Z"}}, {"model": "main_app.course", "pk": "MA23C03", "fields": {"title": "Linear Algebra and Numerical Methods", "course_type": "T", "credits": 4, "lecture_hours": 3, "tutorial_hours": 1, "practical_hours": 0, "syllabus_file": "", "is_placeholder": false, "placeholder_type": null, "slot_number": null, "created_at": "2026-02-08T16:11:08.357Z", "updated_at": "2026-02-08T16:11:08.357Z"}}, {"model": "main_app.course", "pk": "MA23C04", "fields": {"title": "Discrete Mathematics", "course_type": "T", "credits": 4, "lecture_hours": 3, "tutorial_hours": 1, "practical_hours": 0, "syllabus_file": "", "is_placeholder": false, "placeholder_type": null, "slot_number": null, "created_at": "2026-02-08T16:11:08.309Z", "updated_at": "2026-02-08T16:11:08.309Z"}}, {"model": "main_app.course", "pk": "MA23C05", "fields": {"title": "Probability and Statistics", "course_type": "T", "credits": 4, "lecture_hours": 3, "tutorial_hours": 1, "practical_hours": 0, "syllabus_file": "", "is_placeholder": false, "placeholder_type": null, "slot_number": null, "created_at": "2026-02-08T16:11:08.332Z", "updated_at": "2026-02-08T16:11:08.332Z"}}, {"model": "main_app.course", "pk": "MA8151", "fields": {"title": "Engineering Mathematics - I", "course_type": "T", "credits": 4, "lecture_hours": 3, "tutorial_hours": 1, "practical_hours": 0, "syllabus_file": "", "is_placeholder": false, "placeholder_type": null, "slot_number": null, "created_at": "2026-02-10T17:51:12.029Z", "updated_at": "2026-02-10T17:51:12.029Z"}}, {"model": "main_app.course", "pk": "MA8251", "fields": {"title": "Engineering Mathematics - II", "course_type": "T", "credits": 4, "lecture_hours": 3, "tutorial_hours": 1, "practical_hours": 0, "syllabus_file": "", "is_placeholder": false, "placeholder_type": null, "slot_number": null, "created_at": "2026-02-10T17:51:12.091Z", "updated_at": "2026-02-10T17:51:12.091Z"}}, {"model": "main_app.course", "pk": "MA8351", "fields": {"title": "Discrete Mathematics", "course_type": "T", "credits": 4, "lecture_hours": 3, "tutorial_hours": 1, "practical_hours": 0, "syllabus_file": "", "is_placeholder": false, "placeholder_type": null, "slot_number": null, "created_at": "2026-02-10T17:51:12.146Z", "updated_at": "2026-02-10T17:51:12.146Z"}}, {"model": "main_app.course", "pk": "MA8402", "fields": {"title": "Probability and Queueing Theory", "course_type": "T", "credits": 4, "lecture_hours": 3, "tutorial_hours": 1, "practical_hours": 0, "syllabus_file": "", "is_placeholder": false, "placeholder_type": null, "slot_number": null, "created_at": "2026-02-10T17:51:12.209Z", "updated_at": "2026-02-10T17:51:12.209Z"}}, {"model": "main_app.course", "pk": "MA8551", "fields": {"title": "Algebra and Number Theory", "course_type": "T", "credits": 4, "lecture_hours": 3, "tutorial_hours": 1, "practical_hours": 0, "syllabus_file": "", "is_placeholder": false, "placeholder_type": null, "slot_number": null, "created_at": "2026-02-10T17:51:12.271Z", "updated_at": "2026-02-10T17:51:12.271Z"}}, {"model": "main_app.course", "pk": "ME23C01", "fields": {"title": "Engineering Drawing and 3D Modelling", "course_type": "LIT", "credits": 4, "lecture_hours": 2, "tutorial_hours": 0, "practical_hours": 4, "syllabus_file": "", "is_placeholder": false, "placeholder_type": null, "slot_number": null, "created_at": "2026-02-08T16:11:08.317Z", "updated_at": "2026-02-08T16:11:08.317Z"}}, {"model": "main_app.course", "pk": "ME23C04", "fields": {"title": "Makerspace", "course_type": "LIT", "credits": 3, "lecture_hours": 1, "tutorial_hours": 0, "practical_hours": 4, "syllabus_file": "", "is_placeholder": false, "placeholder_type": null, "slot_number": null, "created_at": "2026-02-08T16:11:08.321Z", "updated_at": "2026-02-08T16:11:08.321Z"}}, {"model": "main_app.course", "pk": "MG8591", "fields": {"title": "Principles of Management", "course_type": "T", "credits": 3, "lecture_hours": 3, "tutorial_hours": 0, "practical_hours": 0, "syllabus_file": "", "is_placeholder": false, "placeholder_type": null, "slot_number": null, "created_at": "2026-02-10T17:51:12.462Z", "updated_at": "2026-02-10T17:51:12.462Z"}}, {"model": "main_app.course", "pk": "OCS551", "fields": {"title": "Open Elective - I", "course_type": "T", "credits": 3, "lecture_hours": 3, "tutorial_hours": 0, "practical_hours": 0, "syllabus_file": "", "is_placeholder": true, "placeholder_type": null, "slot_number": null, "created_at": "2026-02-10T17:51:12.378Z", "updated_at": "2026-02-10T17:51:12.378Z"}}, {"model": "main_app.course", "pk": "OCS651", "fields": {"title": "Open Elective - II", "course_type": "T", "credits": 3, "lecture_hours": 3, "tutorial_hours": 0, "practical_hours": 0, "syllabus_file": "", "is_placeholder": true, "placeholder_type": null, "slot_number": null, "created_at": "2026-02-10T17:51:12.439Z", "updated_at": "2026-02-10T17:51:12.439Z"}}, {"model": "main_app.course", "pk": "OCS751", "fields": {"title": "Open Elective - III", "course_type": "T", "credits": 3, "lecture_hours": 3, "tutorial_hours": 0, "practical_hours": 0, "syllabus_file": "", "is_placeholder": true, "placeholder_type": null, "slot_number": null, "created_at": "2026-02-10T17:51:12.493Z", "updated_at": "2026-02-10T17:51:12.493Z"}}, {"model": "main_app.course", "pk": "OEC-01", "fields": {"title": "Open Elective Course - I", "course_type": null, "credits": 3, "lecture_hours": 0, "tutorial_hours": 0, "practical_hours": 0, "syllabus_file": "", "is_placeholder": true, "placeholder_type": "OEC", "slot_number": 1, "created_at": "2026-02-08T17:32:20.613Z", "updated_at": "2026-02-08T17:32:20.613Z"}}, {"model": "main_app.course", "pk": "OEC-02", "fields": {"title": "Open Elective Course - II", "course_type": null, "credits": 3, "lecture_hours": 0, "tutorial_hours": 0, "practical_hours": 0, "syllabus_file": "", "is_placeholder": true, "placeholder_type": "OEC", "slot_number": 2, "created_at": "2026-02-08T17:49:13.997Z", "updated_at": "2026-02-08T17:49:13.997Z"}}, {"model": "main_app.course", "pk": "OEC-03", "fields": {"title": "Open Elective Course - III", "course_type": null, "credits": 3, "lecture_hours": 0, "tutorial_hours": 0, "practical_hours": 0, "syllabus_file": "", "is_placeholder": true, "placeholder_type": "OEC", "slot_number": 3, "created_at": "2026-02-08T17:49:14.024Z", "updated_at": "2026-02-08T17:49:14.024Z"}}, {"model": "main_app.course", "pk": "PEC-01", "fields": {"title": "Professional Elective Course - I", "course_type": null, "credits": 3, "lecture_hours": 0, "tutorial_hours": 0, "practical_hours": 0, "syllabus_file": "", "is_placeholder": true, "placeholder_type": "PEC", "slot_number": 1, "created_at": "2026-02-08T17:29:31.499Z", "updated_at": "2026-02-08T17:29:31.499Z"}}, {"model": "main_app.course", "pk": "PEC-02", "fields": {"title": "Professional Elective Course - II", "course_type": null, "credits": 3, "lecture_hours": 0, "tutorial_hours": 0, "practical_hours": 0, "syllabus_file": "", "is_placeholder": true, "placeholder_type": "PEC", "slot_number": 2, "created_at": "2026-02-08T17:49:13.942Z", "updated_at": "2026-02-08T17:49:13.942Z"}}, {"model": "main_app.course", "pk": "PEC-03", "fields": {"title": "Professional Elective Course - III", "course_type": null, "credits": 3, "lecture_hours": 0, "tutorial_hours": 0, "practical_hours": 0, "syllabus_file": "", "is_placeholder": true, "placeholder_type": "PEC", "slot_number": 3, "created_at": "2026-02-08T17:49:13.955Z", "updated_at": "2026-02-08T17:49:13.956Z"}}, {"model": "main_app.course", "pk": "PEC-04", "fields": {"title": "Professional Elective Course - IV", "course_type": null, "credits": 3, "lecture_hours": 0, "tutorial_hours": 0, "practical_hours": 0, "syllabus_file": "", "is_placeholder": true, "placeholder_type": "PEC", "slot_number": 4, "created_at": "2026-02-08T17:49:13.971Z", "updated_at": "2026-02-08T17:49:13.971Z"}}, {"model": "main_app.course", "pk": "PEC-05", "fields": {"title": "Professional Elective Course - V", "course_type": null, "credits": 3, "lecture_hours": 0, "tutorial_hours": 0, "practical_hours": 0, "syllabus_file": "", "is_placeholder": true, "placeholder_type": "PEC", "slot_number": 5, "created_at": "2026-02-08T19:01:51.770Z", "updated_at": "2026-02-08T19:01:51.770Z"}}, {"model": "main_app.course", "pk": "PH8151", "fields": {"title": "Engineering Physics", "course_type": "T", "credits": 3, "lecture_hours": 3, "tutorial_hours": 0, "practical_hours": 0, "syllabus_file": "", "is_placeholder": false, "placeholder_type": null, "slot_number": null, "created_at": "2026-02-10T17:51:12.037Z", "updated_at": "2026-02-10T17:51:12.038Z"}}, {"model": "main_app.course", "pk": "PH8252", "fields": {"title": "Physics for Information Science", "course_type": "T", "credits": 3, "lecture_hours": 3, "tutorial_hours": 0, "practical_hours": 0, "syllabus_file": "", "is_placeholder": false, "placeholder_type": null, "slot_number": null, "created_at": "2026-02-10T17:51:12.099Z", "updated_at": "2026-02-10T17:51:12.099Z"}}, {"model": "main_app.course", "pk": "SLC-01", "fields": {"title": "Self Learning Course - I", "course_type": null, "credits": 3, "lecture_hours": 0, "tutorial_hours": 0, "practical_hours": 0, "syllabus_file": "", "is_placeholder": true, "placeholder_type": "SLC", "slot_number": 1, "created_at": "2026-02-08T17:35:54.175Z", "updated_at": "2026-02-08T17:35:54.175Z"}}, {"model": "main_app.course", "pk": "SLC-02", "fields": {"title": "Self Learning Course - II", "course_type": null, "credits": 1, "lecture_hours": 0, "tutorial_hours": 0, "practical_hours": 0, "syllabus_file": "", "is_placeholder": true, "placeholder_type": "SLC", "slot_number": 2, "created_at": "2026-02-08T17:49:14.039Z", "updated_at": "2026-02-08T17:49:14.039Z"}}, {"model": "main_app.course", "pk": "UC23E01", "fields": {"title": "Engineering Entrepreneurship Development", "course_type": "T", "credits": 3, "lecture_hours": 2, "tutorial_hours": 0, "practical_hours": 2, "syllabus_file": "", "is_placeholder": false, "placeholder_type": null, "slot_number": null, "created_at": "2026-02-08T16:11:08.390Z", "updated_at": "2026-02-08T16:11:08.390Z"}}, {"model": "main_app.course", "pk": "UC23H02", "fields": {"title": "Tamils and Technology", "course_type": "T", "credits": 1, "lecture_hours": 1, "tutorial_hours": 0, "practical_hours": 0, "syllabus_file": "", "is_placeholder": false, "placeholder_type": null, "slot_number": null, "created_at": "2026-02-08T16:11:08.324Z", "updated_at": "2026-02-08T16:11:08.324Z"}}, {"model": "main_app.course", "pk": "UC23U01", "fields": {"title": "Universal Human Values", "course_type": "LIT", "credits": 2, "lecture_hours": 1, "tutorial_hours": 0, "practical_hours": 2, "syllabus_file": "", "is_placeholder": false, "placeholder_type": null, "slot_number": null, "created_at": "2026-02-08T16:11:08.353Z", "updated_at": "2026-02-08T16:11:08.353Z"}}, {"model": "main_app.electivecourseoffering", "pk": 9, "fields": {"regulation_course_plan": 22, "semester": 24, "actual_course": "CS23401", "batch_count": 2, "capacity_per_batch": 80, "elective_vertical": null, "is_active": true, "created_at": "2026-02-13T14:11:32.278Z", "updated_at": "2026-02-13T14:11:32.278Z"}}, {"model": "main_app.course_assignment", "pk": 4, "fields": {"course": "BE8255", "faculty": 3, "lab_assistant": null, "batch": 22, "batch_label": "N", "academic_year": 6, "semester": 22, "is_active": true, "created_at": "2026-02-10T19:34:58.821Z", "updated_at": "2026-02-10T19:34:58.821Z"}}, {"model": "main_app.course_assignment", "pk": 5, "fields": {"course": "BE8255", "faculty": 4, "lab_assistant": null, "batch": 23, "batch_label": "P", "academic_year": 6, "semester": 22, "is_active": true, "created_at": "2026-02-10T19:34:58.843Z", "updated_at": "2026-02-10T19:34:58.843Z"}}, {"model": "main_app.course_assignment", "pk": 6, "fields": {"course": "BE8255", "faculty": 5, "lab_assistant": null, "batch": 24, "batch_label": "Q", "academic_year": 6, "semester": 22, "is_active": true, "created_at": "2026-02-10T19:34:58.853Z", "updated_at": "2026-02-10T19:34:58.853Z"}}, {"model": "main_app.course_assignment", "pk": 7, "fields": {"course": "CS23301", "faculty": 6, "lab_assistant": null, "batch": 22, "batch_label": "N", "academic_year": 6, "semester": 22, "is_active": true, "created_at": "2026-02-10T19:34:58.862Z", "updated_at": "2026-02-10T19:34:58.862Z"}}, {"model": "main_app.course_assignment", "pk": 8, "fields": {"course": "CS23301", "faculty": 11, "lab_assistant": null, "batch": 23, "batch_label": "P", "academic_year": 6, "semester": 22, "is_active": true, "created_at": "2026-02-10T19:34:58.869Z", "updated_at": "2026-02-10T19:34:58.869Z"}}, {"model": "main_app.course_assignment", "pk": 9, "fields": {"course": "CS23301", "faculty": 12, "lab_assistant": null, "batch": 24, "batch_label": "Q", "academic_year": 6, "semester": 22, "is_active": true, "created_at": "2026-02-10T19:34:58.877Z", "updated_at": "2026-02-10T19:34:58.877Z"}}, {"model": "main_app.course_assignment", "pk": 10, "fields": {"course": "CS23303", "faculty": 13, "lab_assistant": 3, "batch": 22, "batch_label": "N", "academic_year": 6, "semester": 22, "is_active": true, "created_at": "2026-02-10T19:34:58.885Z", "updated_at": "2026-02-10T19:37:42.137Z"}}, {"model": "main_app.course_assignment", "pk": 11, "fields": {"course": "CS23303", "faculty": 14, "lab_assistant": 4, "batch": 23, "batch_label": "P", "academic_year": 6, "semester": 22, "is_active": true, "created_at": "2026-02-10T19:34:58.892Z", "updated_at": "2026-02-10T19:37:42.158Z"}}, {"model": "main_app.course_assignment", "pk": 12, "fields": {"course": "CS23303", "faculty": 15, "lab_assistant": 5, "batch": 24, "batch_label": "Q", "academic_year": 6, "semester": 22, "is_active": true, "created_at": "2026-02-10T19:34:58.900Z", "updated_at": "2026-02-10T19:37:42.166Z"}}, {"model": "main_app.course_assignment", "pk": 13, "fields": {"course": "CS23304", "faculty": 16, "lab_assistant": 6, "batch": 22, "batch_label": "N", "academic_year": 6, "semester": 22, "is_active": true, "created_at": "2026-02-10T19:34:58.909Z", "updated_at": "2026-02-10T19:37:42.176Z"}}, {"model": "main_app.course_assignment", "pk": 14, "fields": {"course": "CS23304", "faculty": 17, "lab_assistant": 11, "batch": 23, "batch_label": "P", "academic_year": 6, "semester": 22, "is_active": true, "created_at": "2026-02-10T19:34:58.917Z", "updated_at": "2026-02-10T19:37:42.184Z"}}, {"model": "main_app.course_assignment", "pk": 15, "fields": {"course": "CS23304", "faculty": 18, "lab_assistant": 12, "batch": 24, "batch_label": "Q", "academic_year": 6, "semester": 22, "is_active": true, "created_at": "2026-02-10T19:34:58.923Z", "updated_at": "2026-02-10T19:37:42.192Z"}}, {"model": "main_app.course_assignment", "pk": 16, "fields": {"course": "CS8251", "faculty": 19, "lab_assistant": null, "batch": 22, "batch_label": "N", "academic_year": 6, "semester": 22, "is_active": true, "created_at": "2026-02-10T19:34:58.931Z", "updated_at": "2026-02-10T19:34:58.931Z"}}, {"model": "main_app.course_assignment", "pk": 17, "fields": {"course": "CS8251", "faculty": 20, "lab_assistant": null, "batch": 23, "batch_label": "P", "academic_year": 6, "semester": 22, "is_active": true, "created_at": "2026-02-10T19:34:58.938Z", "updated_at": "2026-02-10T19:34:58.938Z"}}, {"model": "main_app.course_assignment", "pk": 18, "fields": {"course": "CS8251", "faculty": 2, "lab_assistant": null, "batch": 24, "batch_label": "Q", "academic_year": 6, "semester": 22, "is_active": true, "created_at": "2026-02-10T19:34:58.944Z", "updated_at": "2026-02-10T19:34:58.944Z"}}, {"model": "main_app.course_assignment", "pk": 19, "fields": {"course": "CS8261", "faculty": 1, "lab_assistant": 2, "batch": 22, "batch_label": "N", "academic_year": 6, "semester": 22, "is_active": true, "created_at": "2026-02-10T19:34:58.952Z", "updated_at": "2026-02-10T19:37:42.271Z"}}, {"model": "main_app.course_assignment", "pk": 20, "fields": {"course": "CS8261", "faculty": 3, "lab_assistant": 20, "batch": 23, "batch_label": "P", "academic_year": 6, "semester": 22, "is_active": true, "created_at": "2026-02-10T19:34:58.959Z", "updated_at": "2026-02-10T19:37:42.261Z"}}, {"model": "main_app.course_assignment", "pk": 21, "fields": {"course": "CS8261", "faculty": 4, "lab_assistant": 19, "batch": 24, "batch_label": "Q", "academic_year": 6, "semester": 22, "is_active": true, "created_at": "2026-02-10T19:34:58.963Z", "updated_at": "2026-02-10T19:37:42.253Z"}}, {"model": "main_app.course_assignment", "pk": 22, "fields": {"course": "GE8261", "faculty": 5, "lab_assistant": 4, "batch": 22, "batch_label": "N", "academic_year": 6, "semester": 22, "is_active": true, "created_at": "2026-02-10T19:34:58.970Z", "updated_at": "2026-02-10T19:37:42.405Z"}}, {"model": "main_app.course_assignment", "pk": 23, "fields": {"course": "GE8261", "faculty": 6, "lab_assistant": 3, "batch": 23, "batch_label": "P", "academic_year": 6, "semester": 22, "is_active": true, "created_at": "2026-02-10T19:34:58.974Z", "updated_at": "2026-02-10T19:37:42.399Z"}}, {"model": "main_app.course_assignment", "pk": 24, "fields": {"course": "GE8261", "faculty": 11, "lab_assistant": 1, "batch": 24, "batch_label": "Q", "academic_year": 6, "semester": 22, "is_active": true, "created_at": "2026-02-10T19:34:58.979Z", "updated_at": "2026-02-10T19:37:42.392Z"}}, {"model": "main_app.course_assignment", "pk": 25, "fields": {"course": "GE8291", "faculty": 12, "lab_assistant": null, "batch": 22, "batch_label": "N", "academic_year": 6, "semester": 22, "is_active": true, "created_at": "2026-02-10T19:34:58.986Z", "updated_at": "2026-02-10T19:34:58.986Z"}}, {"model": "main_app.course_assignment", "pk": 26, "fields": {"course": "GE8291", "faculty": 13, "lab_assistant": null, "batch": 23, "batch_label": "P", "academic_year": 6, "semester": 22, "is_active": true, "created_at": "2026-02-10T19:34:58.991Z", "updated_at": "2026-02-10T19:34:58.991Z"}}, {"model": "main_app.course_assignment", "pk": 27, "fields": {"course": "GE8291", "faculty": 14, "lab_assistant": null, "batch": 24, "batch_label": "Q", "academic_year": 6, "semester": 22, "is_active": true, "created_at": "2026-02-10T19:34:58.995Z", "updated_at": "2026-02-10T19:34:58.995Z"}}, {"model": "main_app.course_assignment", "pk": 28, "fields": {"course": "HS8251", "faculty": 15, "lab_assistant": null, "batch": 22, "batch_label": "N", "academic_year": 6, "semester": 22, "is_active": true, "created_at": "2026-02-10T19:34:59.002Z", "updated_at": "2026-02-10T19:34:59.002Z"}}, {"model": "main_app.course_assignment", "pk": 29, "fields": {"course": "HS8251", "faculty": 16, "lab_assistant": null, "batch": 23, "batch_label": "P", "academic_year": 6, "semester": 22, "is_active": true, "created_at": "2026-02-10T19:34:59.007Z", "updated_at": "2026-02-10T19:34:59.007Z"}}, {"model": "main_app.course_assignment", "pk": 30, "fields": {"course": "HS8251", "faculty": 17, "lab_assistant": null, "batch": 24, "batch_label": "Q", "academic_year": 6, "semester": 22, "is_active": true, "created_at": "2026-02-10T19:34:59.012Z", "updated_at": "2026-02-10T19:34:59.012Z"}}, {"model": "main_app.course_assignment", "pk": 31, "fields": {"course": "MA8251", "faculty": 18, "lab_assistant": null, "batch": 22, "batch_label": "N", "academic_year": 6, "semester": 22, "is_active": true, "created_at": "2026-02-10T19:34:59.018Z", "updated_at": "2026-02-10T19:34:59.018Z"}}, {"model": "main_app.course_assignment", "pk": 32, "fields": {"course": "MA8251", "faculty": 19, "lab_assistant": null, "batch": 23, "batch_label": "P", "academic_year": 6, "semester": 22, "is_active": true, "created_at": "2026-02-10T19:34:59.023Z", "updated_at": "2026-02-10T19:34:59.023Z"}}, {"model": "main_app.course_assignment", "pk": 33, "fields": {"course": "MA8251", "faculty": 20, "lab_assistant": null, "batch": 24, "batch_label": "Q", "academic_year": 6, "semester": 22, "is_active": true, "created_at": "2026-02-10T19:34:59.028Z", "updated_at": "2026-02-10T19:34:59.028Z"}}, {"model": "main_app.course_assignment", "pk": 34, "fields": {"course": "PH8252", "faculty": 2, "lab_assistant": null, "batch": 22, "batch_label": "N", "academic_year": 6, "semester": 22, "is_active": true, "created_at": "2026-02-10T19:34:59.033Z", "updated_at": "2026-02-10T19:34:59.033Z"}}, {"model": "main_app.course_assignment", "pk": 35, "fields": {"course": "PH8252", "faculty": 1, "lab_assistant": null, "batch": 23, "batch_label": "P", "academic_year": 6, "semester": 22, "is_active": true, "created_at": "2026-02-10T19:34:59.039Z", "updated_at": "2026-02-10T19:34:59.039Z"}}, {"model": "main_app.course_assignment", "pk": 36, "fields": {"course": "PH8252", "faculty": 3, "lab_assistant": null, "batch": 24, "batch_label": "Q", "academic_year": 6, "semester": 22, "is_active": true, "created_at": "2026-02-10T19:34:59.045Z", "updated_at": "2026-02-10T19:34:59.045Z"}}, {"model": "main_app.course_assignment", "pk": 37, "fields": {"course": "CS23501", "faculty": 4, "lab_assistant": 15, "batch": 28, "batch_label": "N", "academic_year": 6, "semester": 23, "is_active": true, "created_at": "2026-02-10T19:34:59.058Z", "updated_at": "2026-02-10T19:37:42.220Z"}}, {"model": "main_app.course_assignment", "pk": 38, "fields": {"course": "CS23501", "faculty": 5, "lab_assistant": 13, "batch": 29, "batch_label": "P", "academic_year": 6, "semester": 23, "is_active": true, "created_at": "2026-02-10T19:34:59.063Z", "updated_at": "2026-02-10T19:37:42.201Z"}}, {"model": "main_app.course_assignment", "pk": 39, "fields": {"course": "CS23501", "faculty": 6, "lab_assistant": 14, "batch": 30, "batch_label": "Q", "academic_year": 6, "semester": 23, "is_active": true, "created_at": "2026-02-10T19:34:59.069Z", "updated_at": "2026-02-10T19:37:42.211Z"}}, {"model": "main_app.course_assignment", "pk": 40, "fields": {"course": "CS23502", "faculty": 11, "lab_assistant": 17, "batch": 28, "batch_label": "N", "academic_year": 6, "semester": 23, "is_active": true, "created_at": "2026-02-10T19:34:59.075Z", "updated_at": "2026-02-10T19:37:42.236Z"}}, {"model": "main_app.course_assignment", "pk": 41, "fields": {"course": "CS23502", "faculty": 12, "lab_assistant": 16, "batch": 29, "batch_label": "P", "academic_year": 6, "semester": 23, "is_active": true, "created_at": "2026-02-10T19:34:59.081Z", "updated_at": "2026-02-10T19:37:42.227Z"}}, {"model": "main_app.course_assignment", "pk": 42, "fields": {"course": "CS23502", "faculty": 13, "lab_assistant": 18, "batch": 30, "batch_label": "Q", "academic_year": 6, "semester": 23, "is_active": true, "created_at": "2026-02-10T19:34:59.087Z", "updated_at": "2026-02-10T19:37:42.245Z"}}, {"model": "main_app.course_assignment", "pk": 43, "fields": {"course": "CS23503", "faculty": 14, "lab_assistant": null, "batch": 28, "batch_label": "N", "academic_year": 6, "semester": 23, "is_active": true, "created_at": "2026-02-10T19:34:59.094Z", "updated_at": "2026-02-10T19:34:59.094Z"}}, {"model": "main_app.course_assignment", "pk": 44, "fields": {"course": "CS23503", "faculty": 15, "lab_assistant": null, "batch": 29, "batch_label": "P", "academic_year": 6, "semester": 23, "is_active": true, "created_at": "2026-02-10T19:34:59.098Z", "updated_at": "2026-02-10T19:34:59.098Z"}}, {"model": "main_app.course_assignment", "pk": 45, "fields": {"course": "CS23503", "faculty": 16, "lab_assistant": null, "batch": 30, "batch_label": "Q", "academic_year": 6, "semester": 23, "is_active": true, "created_at": "2026-02-10T19:34:59.125Z", "updated_at": "2026-02-10T19:34:59.125Z"}}, {"model": "main_app.course_assignment", "pk": 46, "fields": {"course": "CS8451", "faculty": 17, "lab_assistant": null, "batch": 28, "batch_label": "N", "academic_year": 6, "semester": 23, "is_active": true, "created_at": "2026-02-10T19:34:59.131Z", "updated_at": "2026-02-10T19:34:59.131Z"}}, {"model": "main_app.course_assignment", "pk": 47, "fields": {"course": "CS8451", "faculty": 18, "lab_assistant": null, "batch": 29, "batch_label": "P", "academic_year": 6, "semester": 23, "is_active": true, "created_at": "2026-02-10T19:34:59.136Z", "updated_at": "2026-02-10T19:34:59.136Z"}}, {"model": "main_app.course_assignment", "pk": 48, "fields": {"course": "CS8451", "faculty": 19, "lab_assistant": null, "batch": 30, "batch_label": "Q", "academic_year": 6, "semester": 23, "is_active": true, "created_at": "2026-02-10T19:34:59.140Z", "updated_at": "2026-02-10T19:34:59.140Z"}}, {"model": "main_app.course_assignment", "pk": 49, "fields": {"course": "CS8461", "faculty": 20, "lab_assistant": 1, "batch": 28, "batch_label": "N", "academic_year": 6, "semester": 23, "is_active": true, "created_at": "2026-02-10T19:34:59.147Z", "updated_at": "2026-02-10T19:37:42.280Z"}}, {"model": "main_app.course_assignment", "pk": 50, "fields": {"course": "CS8461", "faculty": 2, "lab_assistant": 4, "batch": 29, "batch_label": "P", "academic_year": 6, "semester": 23, "is_active": true, "created_at": "2026-02-10T19:34:59.153Z", "updated_at": "2026-02-10T19:37:42.296Z"}}, {"model": "main_app.course_assignment", "pk": 51, "fields": {"course": "CS8461", "faculty": 1, "lab_assistant": 3, "batch": 30, "batch_label": "Q", "academic_year": 6, "semester": 23, "is_active": true, "created_at": "2026-02-10T19:34:59.156Z", "updated_at": "2026-02-10T19:37:42.288Z"}}, {"model": "main_app.course_assignment", "pk": 52, "fields": {"course": "CS8481", "faculty": 3, "lab_assistant": 11, "batch": 28, "batch_label": "N", "academic_year": 6, "semester": 23, "is_active": true, "created_at": "2026-02-10T19:34:59.163Z", "updated_at": "2026-02-10T19:37:42.311Z"}}, {"model": "main_app.course_assignment", "pk": 53, "fields": {"course": "CS8481", "faculty": 4, "lab_assistant": 12, "batch": 29, "batch_label": "P", "academic_year": 6, "semester": 23, "is_active": true, "created_at": "2026-02-10T19:34:59.169Z", "updated_at": "2026-02-10T19:37:42.318Z"}}, {"model": "main_app.course_assignment", "pk": 54, "fields": {"course": "CS8481", "faculty": 5, "lab_assistant": 6, "batch": 30, "batch_label": "Q", "academic_year": 6, "semester": 23, "is_active": true, "created_at": "2026-02-10T19:34:59.174Z", "updated_at": "2026-02-10T19:37:42.303Z"}}, {"model": "main_app.course_assignment", "pk": 55, "fields": {"course": "CS8491", "faculty": 6, "lab_assistant": null, "batch": 28, "batch_label": "N", "academic_year": 6, "semester": 23, "is_active": true, "created_at": "2026-02-10T19:34:59.185Z", "updated_at": "2026-02-10T19:34:59.185Z"}}, {"model": "main_app.course_assignment", "pk": 56, "fields": {"course": "CS8491", "faculty": 11, "lab_assistant": null, "batch": 29, "batch_label": "P", "academic_year": 6, "semester": 23, "is_active": true, "created_at": "2026-02-10T19:34:59.192Z", "updated_at": "2026-02-10T19:34:59.192Z"}}, {"model": "main_app.course_assignment", "pk": 57, "fields": {"course": "CS8491", "faculty": 12, "lab_assistant": null, "batch": 30, "batch_label": "Q", "academic_year": 6, "semester": 23, "is_active": true, "created_at": "2026-02-10T19:34:59.198Z", "updated_at": "2026-02-10T19:34:59.198Z"}}, {"model": "main_app.course_assignment", "pk": 58, "fields": {"course": "CS8492", "faculty": 13, "lab_assistant": null, "batch": 28, "batch_label": "N", "academic_year": 6, "semester": 23, "is_active": true, "created_at": "2026-02-10T19:34:59.205Z", "updated_at": "2026-02-10T19:34:59.205Z"}}, {"model": "main_app.course_assignment", "pk": 59, "fields": {"course": "CS8492", "faculty": 14, "lab_assistant": null, "batch": 29, "batch_label": "P", "academic_year": 6, "semester": 23, "is_active": true, "created_at": "2026-02-10T19:34:59.210Z", "updated_at": "2026-02-10T19:34:59.210Z"}}, {"model": "main_app.course_assignment", "pk": 60, "fields": {"course": "CS8492", "faculty": 15, "lab_assistant": null, "batch": 30, "batch_label": "Q", "academic_year": 6, "semester": 23, "is_active": true, "created_at": "2026-02-10T19:34:59.215Z", "updated_at": "2026-02-10T19:34:59.215Z"}}, {"model": "main_app.course_assignment", "pk": 61, "fields": {"course": "CS8493", "faculty": 16, "lab_assistant": null, "batch": 28, "batch_label": "N", "academic_year": 6, "semester": 23, "is_active": true, "created_at": "2026-02-10T19:34:59.221Z", "updated_at": "2026-02-10T19:34:59.221Z"}}, {"model": "main_app.course_assignment", "pk": 62, "fields": {"course": "CS8493", "faculty": 17, "lab_assistant": null, "batch": 29, "batch_label": "P", "academic_year": 6, "semester": 23, "is_active": true, "created_at": "2026-02-10T19:34:59.227Z", "updated_at": "2026-02-10T19:34:59.228Z"}}, {"model": "main_app.course_assignment", "pk": 63, "fields": {"course": "CS8493", "faculty": 18, "lab_assistant": null, "batch": 30, "batch_label": "Q", "academic_year": 6, "semester": 23, "is_active": true, "created_at": "2026-02-10T19:34:59.232Z", "updated_at": "2026-02-10T19:34:59.232Z"}}, {"model": "main_app.course_assignment", "pk": 64, "fields": {"course": "CS8494", "faculty": 19, "lab_assistant": null, "batch": 28, "batch_label": "N", "academic_year": 6, "semester": 23, "is_active": true, "created_at": "2026-02-10T19:34:59.238Z", "updated_at": "2026-02-10T19:34:59.238Z"}}, {"model": "main_app.course_assignment", "pk": 65, "fields": {"course": "CS8494", "faculty": 20, "lab_assistant": null, "batch": 29, "batch_label": "P", "academic_year": 6, "semester": 23, "is_active": true, "created_at": "2026-02-10T19:34:59.243Z", "updated_at": "2026-02-10T19:34:59.243Z"}}, {"model": "main_app.course_assignment", "pk": 66, "fields": {"course": "CS8494", "faculty": 2, "lab_assistant": null, "batch": 30, "batch_label": "Q", "academic_year": 6, "semester": 23, "is_active": true, "created_at": "2026-02-10T19:34:59.248Z", "updated_at": "2026-02-10T19:34:59.248Z"}}, {"model": "main_app.course_assignment", "pk": 67, "fields": {"course": "MA8402", "faculty": 1, "lab_assistant": null, "batch": 28, "batch_label": "N", "academic_year": 6, "semester": 23, "is_active": true, "created_at": "2026-02-10T19:34:59.255Z", "updated_at": "2026-02-10T19:34:59.255Z"}}, {"model": "main_app.course_assignment", "pk": 68, "fields": {"course": "MA8402", "faculty": 3, "lab_assistant": null, "batch": 29, "batch_label": "P", "academic_year": 6, "semester": 23, "is_active": true, "created_at": "2026-02-10T19:34:59.260Z", "updated_at": "2026-02-10T19:34:59.260Z"}}, {"model": "main_app.course_assignment", "pk": 69, "fields": {"course": "MA8402", "faculty": 4, "lab_assistant": null, "batch": 30, "batch_label": "Q", "academic_year": 6, "semester": 23, "is_active": true, "created_at": "2026-02-10T19:34:59.265Z", "updated_at": "2026-02-10T19:34:59.265Z"}}, {"model": "main_app.course_assignment", "pk": 70, "fields": {"course": "CS8092", "faculty": 5, "lab_assistant": null, "batch": 31, "batch_label": "N", "academic_year": 6, "semester": 24, "is_active": true, "created_at": "2026-02-10T19:34:59.276Z", "updated_at": "2026-02-10T19:34:59.276Z"}}, {"model": "main_app.course_assignment", "pk": 71, "fields": {"course": "CS8092", "faculty": 6, "lab_assistant": null, "batch": 32, "batch_label": "P", "academic_year": 6, "semester": 24, "is_active": true, "created_at": "2026-02-10T19:34:59.282Z", "updated_at": "2026-02-10T19:34:59.282Z"}}, {"model": "main_app.course_assignment", "pk": 72, "fields": {"course": "CS8092", "faculty": 11, "lab_assistant": null, "batch": 33, "batch_label": "Q", "academic_year": 6, "semester": 24, "is_active": true, "created_at": "2026-02-10T19:34:59.287Z", "updated_at": "2026-02-10T19:34:59.287Z"}}, {"model": "main_app.course_assignment", "pk": 73, "fields": {"course": "CS8601", "faculty": 12, "lab_assistant": null, "batch": 31, "batch_label": "N", "academic_year": 6, "semester": 24, "is_active": true, "created_at": "2026-02-10T19:34:59.294Z", "updated_at": "2026-02-10T19:34:59.294Z"}}, {"model": "main_app.course_assignment", "pk": 74, "fields": {"course": "CS8601", "faculty": 13, "lab_assistant": null, "batch": 32, "batch_label": "P", "academic_year": 6, "semester": 24, "is_active": true, "created_at": "2026-02-10T19:34:59.297Z", "updated_at": "2026-02-10T19:34:59.297Z"}}, {"model": "main_app.course_assignment", "pk": 75, "fields": {"course": "CS8601", "faculty": 14, "lab_assistant": null, "batch": 33, "batch_label": "Q", "academic_year": 6, "semester": 24, "is_active": true, "created_at": "2026-02-10T19:34:59.303Z", "updated_at": "2026-02-10T19:34:59.303Z"}}, {"model": "main_app.course_assignment", "pk": 76, "fields": {"course": "CS8602", "faculty": 15, "lab_assistant": null, "batch": 31, "batch_label": "N", "academic_year": 6, "semester": 24, "is_active": true, "created_at": "2026-02-10T19:34:59.309Z", "updated_at": "2026-02-10T19:34:59.309Z"}}, {"model": "main_app.course_assignment", "pk": 77, "fields": {"course": "CS8602", "faculty": 16, "lab_assistant": null, "batch": 32, "batch_label": "P", "academic_year": 6, "semester": 24, "is_active": true, "created_at": "2026-02-10T19:34:59.315Z", "updated_at": "2026-02-10T19:34:59.315Z"}}, {"model": "main_app.course_assignment", "pk": 78, "fields": {"course": "CS8602", "faculty": 17, "lab_assistant": null, "batch": 33, "batch_label": "Q", "academic_year": 6, "semester": 24, "is_active": true, "created_at": "2026-02-10T19:34:59.319Z", "updated_at": "2026-02-10T19:34:59.319Z"}}, {"model": "main_app.course_assignment", "pk": 79, "fields": {"course": "CS8651", "faculty": 18, "lab_assistant": null, "batch": 31, "batch_label": "N", "academic_year": 6, "semester": 24, "is_active": true, "created_at": "2026-02-10T19:34:59.326Z", "updated_at": "2026-02-10T19:34:59.326Z"}}, {"model": "main_app.course_assignment", "pk": 80, "fields": {"course": "CS8651", "faculty": 19, "lab_assistant": null, "batch": 32, "batch_label": "P", "academic_year": 6, "semester": 24, "is_active": true, "created_at": "2026-02-10T19:34:59.331Z", "updated_at": "2026-02-10T19:34:59.331Z"}}, {"model": "main_app.course_assignment", "pk": 81, "fields": {"course": "CS8651", "faculty": 20, "lab_assistant": null, "batch": 33, "batch_label": "Q", "academic_year": 6, "semester": 24, "is_active": true, "created_at": "2026-02-10T19:34:59.336Z", "updated_at": "2026-02-10T19:34:59.336Z"}}, {"model": "main_app.course_assignment", "pk": 82, "fields": {"course": "CS8661", "faculty": 2, "lab_assistant": 13, "batch": 31, "batch_label": "N", "academic_year": 6, "semester": 24, "is_active": true, "created_at": "2026-02-10T19:34:59.343Z", "updated_at": "2026-02-10T19:37:42.325Z"}}, {"model": "main_app.course_assignment", "pk": 83, "fields": {"course": "CS8661", "faculty": 1, "lab_assistant": 14, "batch": 32, "batch_label": "P", "academic_year": 6, "semester": 24, "is_active": true, "created_at": "2026-02-10T19:34:59.347Z", "updated_at": "2026-02-10T19:37:42.331Z"}}, {"model": "main_app.course_assignment", "pk": 84, "fields": {"course": "CS8661", "faculty": 3, "lab_assistant": 15, "batch": 33, "batch_label": "Q", "academic_year": 6, "semester": 24, "is_active": true, "created_at": "2026-02-10T19:34:59.352Z", "updated_at": "2026-02-10T19:37:42.339Z"}}, {"model": "main_app.course_assignment", "pk": 85, "fields": {"course": "CS8662", "faculty": 4, "lab_assistant": 17, "batch": 31, "batch_label": "N", "academic_year": 6, "semester": 24, "is_active": true, "created_at": "2026-02-10T19:34:59.359Z", "updated_at": "2026-02-10T19:37:42.354Z"}}, {"model": "main_app.course_assignment", "pk": 86, "fields": {"course": "CS8662", "faculty": 5, "lab_assistant": 18, "batch": 32, "batch_label": "P", "academic_year": 6, "semester": 24, "is_active": true, "created_at": "2026-02-10T19:34:59.363Z", "updated_at": "2026-02-10T19:37:42.364Z"}}, {"model": "main_app.course_assignment", "pk": 87, "fields": {"course": "CS8662", "faculty": 6, "lab_assistant": 16, "batch": 33, "batch_label": "Q", "academic_year": 6, "semester": 24, "is_active": true, "created_at": "2026-02-10T19:34:59.369Z", "updated_at": "2026-02-10T19:37:42.346Z"}}, {"model": "main_app.course_assignment", "pk": 88, "fields": {"course": "CS8691", "faculty": 11, "lab_assistant": null, "batch": 31, "batch_label": "N", "academic_year": 6, "semester": 24, "is_active": true, "created_at": "2026-02-10T19:34:59.375Z", "updated_at": "2026-02-10T19:34:59.375Z"}}, {"model": "main_app.course_assignment", "pk": 89, "fields": {"course": "CS8691", "faculty": 12, "lab_assistant": null, "batch": 32, "batch_label": "P", "academic_year": 6, "semester": 24, "is_active": true, "created_at": "2026-02-10T19:34:59.380Z", "updated_at": "2026-02-10T19:34:59.380Z"}}, {"model": "main_app.course_assignment", "pk": 90, "fields": {"course": "CS8691", "faculty": 13, "lab_assistant": null, "batch": 33, "batch_label": "Q", "academic_year": 6, "semester": 24, "is_active": true, "created_at": "2026-02-10T19:34:59.385Z", "updated_at": "2026-02-10T19:34:59.385Z"}}, {"model": "main_app.course_assignment", "pk": 91, "fields": {"course": "OCS651", "faculty": 14, "lab_assistant": null, "batch": 31, "batch_label": "N", "academic_year": 6, "semester": 24, "is_active": true, "created_at": "2026-02-10T19:34:59.392Z", "updated_at": "2026-02-10T19:34:59.392Z"}}, {"model": "main_app.course_assignment", "pk": 92, "fields": {"course": "OCS651", "faculty": 15, "lab_assistant": null, "batch": 32, "batch_label": "P", "academic_year": 6, "semester": 24, "is_active": true, "created_at": "2026-02-10T19:34:59.397Z", "updated_at": "2026-02-10T19:34:59.397Z"}}, {"model": "main_app.course_assignment", "pk": 93, "fields": {"course": "OCS651", "faculty": 16, "lab_assistant": null, "batch": 33, "batch_label": "Q", "academic_year": 6, "semester": 24, "is_active": true, "created_at": "2026-02-10T19:34:59.402Z", "updated_at": "2026-02-10T19:34:59.402Z"}}, {"model": "main_app.course_assignment", "pk": 94, "fields": {"course": "OEC-01", "faculty": 17, "lab_assistant": null, "batch": 31, "batch_label": "N", "academic_year": 6, "semester": 24, "is_active": true, "created_at": "2026-02-10T19:34:59.408Z", "updated_at": "2026-02-10T19:34:59.408Z"}}, {"model": "main_app.course_assignment", "pk": 95, "fields": {"course": "OEC-01", "faculty": 18, "lab_assistant": null, "batch": 32, "batch_label": "P", "academic_year": 6, "semester": 24, "is_active": true, "created_at": "2026-02-10T19:34:59.414Z", "updated_at": "2026-02-10T19:34:59.414Z"}}, {"model": "main_app.course_assignment", "pk": 96, "fields": {"course": "OEC-01", "faculty": 19, "lab_assistant": null, "batch": 33, "batch_label": "Q", "academic_year": 6, "semester": 24, "is_active": true, "created_at": "2026-02-10T19:34:59.418Z", "updated_at": "2026-02-10T19:34:59.418Z"}}, {"model": "main_app.course_assignment", "pk": 97, "fields": {"course": "PEC-03", "faculty": 20, "lab_assistant": null, "batch": 31, "batch_label": "N", "academic_year": 6, "semester": 24, "is_active": true, "created_at": "2026-02-10T19:34:59.424Z", "updated_at": "2026-02-10T19:34:59.424Z"}}, {"model": "main_app.course_assignment", "pk": 98, "fields": {"course": "PEC-03", "faculty": 2, "lab_assistant": null, "batch": 32, "batch_label": "P", "academic_year": 6, "semester": 24, "is_active": true, "created_at": "2026-02-10T19:34:59.428Z", "updated_at": "2026-02-10T19:34:59.428Z"}}, {"model": "main_app.course_assignment", "pk": 99, "fields": {"course": "PEC-03", "faculty": 1, "lab_assistant": null, "batch": 33, "batch_label": "Q", "academic_year": 6, "semester": 24, "is_active": true, "created_at": "2026-02-10T19:34:59.433Z", "updated_at": "2026-02-10T19:34:59.433Z"}}, {"model": "main_app.course_assignment", "pk": 100, "fields": {"course": "PEC-04", "faculty": 3, "lab_assistant": null, "batch": 31, "batch_label": "N", "academic_year": 6, "semester": 24, "is_active": true, "created_at": "2026-02-10T19:34:59.440Z", "updated_at": "2026-02-10T19:34:59.440Z"}}, {"model": "main_app.course_assignment", "pk": 101, "fields": {"course": "PEC-04", "faculty": 4, "lab_assistant": null, "batch": 32, "batch_label": "P", "academic_year": 6, "semester": 24, "is_active": true, "created_at": "2026-02-10T19:34:59.444Z", "updated_at": "2026-02-10T19:34:59.444Z"}}, {"model": "main_app.course_assignment", "pk": 102, "fields": {"course": "PEC-04", "faculty": 5, "lab_assistant": null, "batch": 33, "batch_label": "Q", "academic_year": 6, "semester": 24, "is_active": true, "created_at": "2026-02-10T19:34:59.449Z", "updated_at": "2026-02-10T19:34:59.449Z"}}, {"model": "main_app.course_assignment", "pk": 103, "fields": {"course": "CS8095", "faculty": 6, "lab_assistant": null, "batch": 34, "batch_label": "N", "academic_year": 6, "semester": 25, "is_active": true, "created_at": "2026-02-10T19:34:59.461Z", "updated_at": "2026-02-10T19:34:59.461Z"}}, {"model": "main_app.course_assignment", "pk": 104, "fields": {"course": "CS8095", "faculty": 11, "lab_assistant": null, "batch": 35, "batch_label": "P", "academic_year": 6, "semester": 25, "is_active": true, "created_at": "2026-02-10T19:34:59.465Z", "updated_at": "2026-02-10T19:34:59.465Z"}}, {"model": "main_app.course_assignment", "pk": 105, "fields": {"course": "CS8095", "faculty": 12, "lab_assistant": null, "batch": 36, "batch_label": "Q", "academic_year": 6, "semester": 25, "is_active": true, "created_at": "2026-02-10T19:34:59.470Z", "updated_at": "2026-02-10T19:34:59.470Z"}}, {"model": "main_app.course_assignment", "pk": 106, "fields": {"course": "CS8096", "faculty": 13, "lab_assistant": null, "batch": 34, "batch_label": "N", "academic_year": 6, "semester": 25, "is_active": true, "created_at": "2026-02-10T19:34:59.477Z", "updated_at": "2026-02-10T19:34:59.477Z"}}, {"model": "main_app.course_assignment", "pk": 107, "fields": {"course": "CS8096", "faculty": 14, "lab_assistant": null, "batch": 35, "batch_label": "P", "academic_year": 6, "semester": 25, "is_active": true, "created_at": "2026-02-10T19:34:59.482Z", "updated_at": "2026-02-10T19:34:59.482Z"}}, {"model": "main_app.course_assignment", "pk": 108, "fields": {"course": "CS8096", "faculty": 15, "lab_assistant": null, "batch": 36, "batch_label": "Q", "academic_year": 6, "semester": 25, "is_active": true, "created_at": "2026-02-10T19:34:59.485Z", "updated_at": "2026-02-10T19:34:59.485Z"}}, {"model": "main_app.course_assignment", "pk": 109, "fields": {"course": "CS8811", "faculty": 16, "lab_assistant": 19, "batch": 34, "batch_label": "N", "academic_year": 6, "semester": 25, "is_active": true, "created_at": "2026-02-10T19:34:59.491Z", "updated_at": "2026-02-10T19:37:42.371Z"}}, {"model": "main_app.course_assignment", "pk": 110, "fields": {"course": "CS8811", "faculty": 17, "lab_assistant": 2, "batch": 35, "batch_label": "P", "academic_year": 6, "semester": 25, "is_active": true, "created_at": "2026-02-10T19:34:59.496Z", "updated_at": "2026-02-10T19:37:42.385Z"}}, {"model": "main_app.course_assignment", "pk": 111, "fields": {"course": "CS8811", "faculty": 18, "lab_assistant": 20, "batch": 36, "batch_label": "Q", "academic_year": 6, "semester": 25, "is_active": true, "created_at": "2026-02-10T19:34:59.500Z", "updated_at": "2026-02-10T19:37:42.378Z"}}, {"model": "main_app.course_assignment", "pk": 112, "fields": {"course": "OEC-03", "faculty": 19, "lab_assistant": null, "batch": 34, "batch_label": "N", "academic_year": 6, "semester": 25, "is_active": true, "created_at": "2026-02-10T19:34:59.507Z", "updated_at": "2026-02-10T19:34:59.507Z"}}, {"model": "main_app.course_assignment", "pk": 113, "fields": {"course": "OEC-03", "faculty": 20, "lab_assistant": null, "batch": 35, "batch_label": "P", "academic_year": 6, "semester": 25, "is_active": true, "created_at": "2026-02-10T19:34:59.511Z", "updated_at": "2026-02-10T19:34:59.511Z"}}, {"model": "main_app.course_assignment", "pk": 114, "fields": {"course": "OEC-03", "faculty": 2, "lab_assistant": null, "batch": 36, "batch_label": "Q", "academic_year": 6, "semester": 25, "is_active": true, "created_at": "2026-02-10T19:34:59.515Z", "updated_at": "2026-02-10T19:34:59.515Z"}}, {"model": "main_app.course_assignment", "pk": 115, "fields": {"course": "SLC-02", "faculty": 1, "lab_assistant": null, "batch": 34, "batch_label": "N", "academic_year": 6, "semester": 25, "is_active": true, "created_at": "2026-02-10T19:34:59.522Z", "updated_at": "2026-02-10T19:34:59.522Z"}}, {"model": "main_app.course_assignment", "pk": 116, "fields": {"course": "SLC-02", "faculty": 3, "lab_assistant": null, "batch": 35, "batch_label": "P", "academic_year": 6, "semester": 25, "is_active": true, "created_at": "2026-02-10T19:34:59.526Z", "updated_at": "2026-02-10T19:34:59.526Z"}}, {"model": "main_app.course_assignment", "pk": 117, "fields": {"course": "SLC-02", "faculty": 4, "lab_assistant": null, "batch": 36, "batch_label": "Q", "academic_year": 6, "semester": 25, "is_active": true, "created_at": "2026-02-10T19:34:59.532Z", "updated_at": "2026-02-10T19:34:59.532Z"}}, {"model": "main_app.notification", "pk": 1, "fields": {"recipient": "5e6ec37b-6a8a-4511-ac99-8132e57c89b1", "sender": null, "notification_type": "ANNOUNCEMENT", "title": "Question Paper Assignment", "message": "You have been assigned to set End Semester question paper for CS23201 - Object Oriented Programming. Deadline: 2026-02-14", "is_read": false, "read_at": null, "link": "/staff/question-paper/", "created_at": "2026-02-13T08:29:52.587Z"}}, {"model": "main_app.questionpaperassignment", "pk": 1, "fields": {"course": "CS23201", "assigned_faculty": 1, "academic_year": 6, "semester": 22, "exam_type": "ENDSEM", "regulation": 1, "assigned_date": "2026-02-13", "deadline": "2026-02-14", "max_marks": 100, "duration_hours": "3.0", "instructions": "uh7uh", "syllabus_units": null, "status": "IN_PROGRESS", "question_paper": "", "answer_key": "", "submitted_at": null, "faculty_remarks": null, "reviewed_by": null, "reviewed_at": null, "review_comments": null, "assigned_by": "5e6ec37b-6a8a-4511-ac99-8132e57c89b1", "created_at": "2026-02-13T08:29:52.560Z", "updated_at": "2026-02-13T13:31:28.247Z"}}, {"model": "main_app.timeslot", "pk": 1, "fields": {"slot_number": 1, "start_time": "09:00:00", "end_time": "09:50:00", "is_break": false}}, {"model": "main_app.timeslot", "pk": 2, "fields": {"slot_number": 2, "start_time": "09:50:00", "end_time": "10:40:00", "is_break": false}}, {"model": "main_app.timeslot", "pk": 3, "fields": {"slot_number": 3, "start_time": "10:50:00", "end_time": "11:40:00", "is_break": false}}, {"model": "main_app.timeslot", "pk": 4, "fields": {"slot_number": 4, "start_time": "11:40:00", "end_time": "12:30:00", "is_break": false}}, {"model": "main_app.timeslot", "pk": 5, "fields": {"slot_number": 5, "start_time": "13:30:00", "end_time": "14:20:00", "is_break": false}}, {"model": "main_app.timeslot", "pk": 6, "fields": {"slot_number": 6, "start_time": "14:20:00", "end_time": "15:10:00", "is_break": false}}, {"model": "main_app.timeslot", "pk": 7, "fields": {"slot_number": 7, "start_time": "15:20:00", "end_time": "16:10:00", "is_break": false}}, {"model": "main_app.timeslot", "pk": 8, "fields": {"slot_number": 8, "start_time": "16:10:00", "end_time": "17:00:00", "is_break": false}}, {"model": "main_app.labroom", "pk": 1, "fields": {"name": "Ground floor lab", "room_code": "GF", "capacity": 60, "is_active": true, "created_at": "2026-02-27T14:04:07.198Z"}}, {"model": "main_app.labroom", "pk": 43, "fields": {"name": "FFF", "room_code": "FF", "capacity": 60, "is_active": true, "created_at": "2026-02-27T14:45:57.414Z"}}, {"model": "main_app.labroom", "pk": 44, "fields": {"name": "SSS", "room_code": "SS", "capacity": 60, "is_active": true, "created_at": "2026-02-27T14:45:57.432Z"}}, {"model": "main_app.labroom", "pk": 45, "fields": {"name": "bghvhvujuyhj", "room_code": "hjgygu", "capacity": 60, "is_active": true, "created_at": "2026-02-27T14:45:57.436Z"}}, {"model": "main_app.labrestriction", "pk": 57, "fields": {"lab": 1, "program": 2, "year_of_study": 4, "course": "CS23502"}}, {"model": "main_app.labrestriction", "pk": 58, "fields": {"lab": 1, "program": 5, "year_of_study": 1, "course": "CS23302"}}, {"model": "main_app.timetableconfig", "pk": 28, "fields": {"academic_year": 6, "semester": 22, "program": 2, "year_of_study": 1, "created_by": "5e6ec37b-6a8a-4511-ac99-8132e57c89b1", "created_at": "2026-02-27T14:08:53.242Z", "updated_at": "2026-02-27T16:02:35.139Z", "is_generated": false}}, {"model": "main_app.timetableconfig", "pk": 29, "fields": {"academic_year": 6, "semester": 23, "program": 5, "year_of_study": 2, "created_by": "5e6ec37b-6a8a-4511-ac99-8132e57c89b1", "created_at": "2026-02-27T14:11:59.256Z", "updated_at": "2026-02-27T16:03:41.300Z", "is_generated": false}}, {"model": "main_app.timetableconfig", "pk": 30, "fields": {"academic_year": 6, "semester": 22, "program": 5, "year_of_study": 1, "created_by": "5e6ec37b-6a8a-4511-ac99-8132e57c89b1", "created_at": "2026-02-27T14:47:17.595Z", "updated_at": "2026-02-27T16:02:35.119Z", "is_generated": false}}, {"model": "main_app.fixedslotreservation", "pk": 27, "fields": {"config": 30, "batch": 22, "day": "MON", "time_slot": 4, "course": "CS23301", "faculty": 6, "special_note": null, "apply_to_all_batches": true, "is_blocked": false, "block_reason": null, "created_at": "2026-02-27T16:10:57.164Z"}}, {"model": "main_app.fixedslotreservation", "pk": 28, "fields": {"config": 30, "batch": 23, "day": "MON", "time_slot": 4, "course": "CS23301", "faculty": 11, "special_note": null, "apply_to_all_batches": true, "is_blocked": false, "block_reason": null, "created_at": "2026-02-27T16:11:10.055Z"}}, {"model": "main_app.fixedslotreservation", "pk": 29, "fields": {"config": 30, "batch": 24, "day": "MON", "time_slot": 4, "course": "CS23301", "faculty": 12, "special_note": null, "apply_to_all_batches": true, "is_blocked": false, "block_reason": null, "created_at": "2026-02-27T16:11:10.067Z"}}, {"model": "main_app.structuredquestionpaper", "pk": 1, "fields": {"qp_assignment": 1, "faculty": 1, "course": "CS23201", "academic_year": 6, "semester": 22, "regulation": 1, "exam_month_year": "FEBRUARY 2026", "co1_description": "CO1: Understand the basic principles of object-oriented programming", "co2_description": "CO2: Apply object-oriented concepts to solve programming problems", "co3_description": "CO3: Analyze and design classes, inheritance hierarchies, and polymorphism", "co4_description": "CO4: Implement exception handling and file operations", "co5_description": "CO5: Evaluate and apply advanced OOP concepts in real-world applications", "status": "DRAFT", "hod_comments": "", "reviewed_by": null, "created_at": "2026-02-13T13:31:28.178Z", "updated_at": "2026-02-13T13:33:14.527Z", "submitted_at": null, "reviewed_at": null, "generated_document": "question_papers/structured/2026/02/qp_1_3gv4dzC.docx", "uploaded_document": "", "is_uploaded": false}}, {"model": "main_app.qpquestion", "pk": 1, "fields": {"question_paper": 1, "part": "A", "question_number": 1, "is_or_option": false, "or_pair_number": null, "option_label": "", "question_text": "Define Object-Oriented Programming. List its key features.", "answer": "", "has_subdivisions": false, "subdivision_1_text": "", "subdivision_1_marks": null, "subdivision_2_text": "", "subdivision_2_marks": null, "course_outcome": "CO1", "bloom_level": "L1", "marks": 2, "created_at": "2026-02-13T13:31:28.196Z", "updated_at": "2026-02-13T13:31:28.196Z"}}, {"model": "main_app.qpquestion", "pk": 2, "fields": {"question_paper": 1, "part": "A", "question_number": 2, "is_or_option": false, "or_pair_number": null, "option_label": "", "question_text": "What is a class? How does it differ from an object?", "answer": "", "has_subdivisions": false, "subdivision_1_text": "", "subdivision_1_marks": null, "subdivision_2_text": "", "subdivision_2_marks": null, "course_outcome": "CO1", "bloom_level": "L2", "marks": 2, "created_at": "2026-02-13T13:31:28.205Z", "updated_at": "2026-02-13T13:31:28.205Z"}}, {"model": "main_app.qpquestion", "pk": 3, "fields": {"question_paper": 1, "part": "A", "question_number": 3, "is_or_option": false, "or_pair_number": null, "option_label": "", "question_text": "Explain the concept of encapsulation with an example.", "answer": "", "has_subdivisions": false, "subdivision_1_text": "", "subdivision_1_marks": null, "subdivision_2_text": "", "subdivision_2_marks": null, "course_outcome": "CO1", "bloom_level": "L2", "marks": 2, "created_at": "2026-02-13T13:31:28.208Z", "updated_at": "2026-02-13T13:31:28.208Z"}}, {"model": "main_app.qpquestion", "pk": 4, "fields": {"question_paper": 1, "part": "A", "question_number": 4, "is_or_option": false, "or_pair_number": null, "option_label": "", "question_text": "What is inheritance? List its types.", "answer": "", "has_subdivisions": false, "subdivision_1_text": "", "subdivision_1_marks": null, "subdivision_2_text": "", "subdivision_2_marks": null, "course_outcome": "CO2", "bloom_level": "L1", "marks": 2, "created_at": "2026-02-13T13:31:28.210Z", "updated_at": "2026-02-13T13:31:28.210Z"}}, {"model": "main_app.qpquestion", "pk": 5, "fields": {"question_paper": 1, "part": "A", "question_number": 5, "is_or_option": false, "or_pair_number": null, "option_label": "", "question_text": "Define polymorphism. Differentiate between compile-time and runtime polymorphism.", "answer": "", "has_subdivisions": false, "subdivision_1_text": "", "subdivision_1_marks": null, "subdivision_2_text": "", "subdivision_2_marks": null, "course_outcome": "CO2", "bloom_level": "L2", "marks": 2, "created_at": "2026-02-13T13:31:28.213Z", "updated_at": "2026-02-13T13:31:28.213Z"}}, {"model": "main_app.qpquestion", "pk": 6, "fields": {"question_paper": 1, "part": "A", "question_number": 6, "is_or_option": false, "or_pair_number": null, "option_label": "", "question_text": "What is method overloading? Give an example.", "answer": "", "has_subdivisions": false, "subdivision_1_text": "", "subdivision_1_marks": null, "subdivision_2_text": "", "subdivision_2_marks": null, "course_outcome": "CO2", "bloom_level": "L2", "marks": 2, "created_at": "2026-02-13T13:31:28.214Z", "updated_at": "2026-02-13T13:31:28.214Z"}}, {"model": "main_app.qpquestion", "pk": 7, "fields": {"question_paper": 1, "part": "A", "question_number": 7, "is_or_option": false, "or_pair_number": null, "option_label": "", "question_text": "Explain the purpose of constructor in a class.", "answer": "", "has_subdivisions": false, "subdivision_1_text": "", "subdivision_1_marks": null, "subdivision_2_text": "", "subdivision_2_marks": null, "course_outcome": "CO1", "bloom_level": "L2", "marks": 2, "created_at": "2026-02-13T13:31:28.217Z", "updated_at": "2026-02-13T13:31:28.217Z"}}, {"model": "main_app.qpquestion", "pk": 8, "fields": {"question_paper": 1, "part": "A", "question_number": 8, "is_or_option": false, "or_pair_number": null, "option_label": "", "question_text": "What is an abstract class? How is it different from an interface?", "answer": "", "has_subdivisions": false, "subdivision_1_text": "", "subdivision_1_marks": null, "subdivision_2_text": "", "subdivision_2_marks": null, "course_outcome": "CO3", "bloom_level": "L2", "marks": 2, "created_at": "2026-02-13T13:31:28.218Z", "updated_at": "2026-02-13T13:31:28.218Z"}}, {"model": "main_app.qpquestion", "pk": 9, "fields": {"question_paper": 1, "part": "A", "question_number": 9, "is_or_option": false, "or_pair_number": null, "option_label": "", "question_text": "Define exception handling. List the keywords used in exception handling.", "answer": "", "has_subdivisions": false, "subdivision_1_text": "", "subdivision_1_marks": null, "subdivision_2_text": "", "subdivision_2_marks": null, "course_outcome": "CO4", "bloom_level": "L1", "marks": 2, "created_at": "2026-02-13T13:31:28.221Z", "updated_at": "2026-02-13T13:31:28.221Z"}}, {"model": "main_app.qpquestion", "pk": 10, "fields": {"question_paper": 1, "part": "A", "question_number": 10, "is_or_option": false, "or_pair_number": null, "option_label": "", "question_text": "What is a package? Explain its advantages.", "answer": "", "has_subdivisions": false, "subdivision_1_text": "", "subdivision_1_marks": null, "subdivision_2_text": "", "subdivision_2_marks": null, "course_outcome": "CO2", "bloom_level": "L2", "marks": 2, "created_at": "2026-02-13T13:31:28.222Z", "updated_at": "2026-02-13T13:31:28.222Z"}}, {"model": "main_app.qpquestion", "pk": 11, "fields": {"question_paper": 1, "part": "B", "question_number": 11, "is_or_option": true, "or_pair_number": 11, "option_label": "(a)", "question_text": "(a) Explain the concept of classes and objects with a suitable example program. Demonstrate how to create multiple objects and access their members. (13 marks)", "answer": "", "has_subdivisions": false, "subdivision_1_text": "", "subdivision_1_marks": null, "subdivision_2_text": "", "subdivision_2_marks": null, "course_outcome": "CO2", "bloom_level": "L3", "marks": 13, "created_at": "2026-02-13T13:31:28.224Z", "updated_at": "2026-02-13T13:31:28.224Z"}}, {"model": "main_app.qpquestion", "pk": 12, "fields": {"question_paper": 1, "part": "B", "question_number": 11, "is_or_option": true, "or_pair_number": 11, "option_label": "(b)", "question_text": "(b) Describe the different types of constructors in Java. Write a program demonstrating default constructor, parameterized constructor, and copy constructor. (13 marks)", "answer": "", "has_subdivisions": false, "subdivision_1_text": "", "subdivision_1_marks": null, "subdivision_2_text": "", "subdivision_2_marks": null, "course_outcome": "CO2", "bloom_level": "L3", "marks": 13, "created_at": "2026-02-13T13:31:28.226Z", "updated_at": "2026-02-13T13:31:28.226Z"}}, {"model": "main_app.qpquestion", "pk": 13, "fields": {"question_paper": 1, "part": "B", "question_number": 12, "is_or_option": true, "or_pair_number": 12, "option_label": "(a)", "question_text": "(a) Explain different types of inheritance with examples. Implement a Java program demonstrating multilevel inheritance with appropriate method access. (13 marks)", "answer": "", "has_subdivisions": false, "subdivision_1_text": "", "subdivision_1_marks": null, "subdivision_2_text": "", "subdivision_2_marks": null, "course_outcome": "CO3", "bloom_level": "L4", "marks": 13, "created_at": "2026-02-13T13:31:28.228Z", "updated_at": "2026-02-13T13:31:28.228Z"}}, {"model": "main_app.qpquestion", "pk": 14, "fields": {"question_paper": 1, "part": "B", "question_number": 12, "is_or_option": true, "or_pair_number": 12, "option_label": "(b)", "question_text": "(b) What is method overriding? Explain with a suitable example. Discuss the use of 'super' keyword in method overriding and constructor chaining. (13 marks)", "answer": "", "has_subdivisions": false, "subdivision_1_text": "", "subdivision_1_marks": null, "subdivision_2_text": "", "subdivision_2_marks": null, "course_outcome": "CO3", "bloom_level": "L3", "marks": 13, "created_at": "2026-02-13T13:31:28.230Z", "updated_at": "2026-02-13T13:31:28.230Z"}}, {"model": "main_app.qpquestion", "pk": 15, "fields": {"question_paper": 1, "part": "B", "question_number": 13, "is_or_option": true, "or_pair_number": 13, "option_label": "(a)", "question_text": "(a) Explain abstract classes and interfaces in Java. Write a program implementing an interface and demonstrate multiple interface implementation. (13 marks)", "answer": "", "has_subdivisions": false, "subdivision_1_text": "", "subdivision_1_marks": null, "subdivision_2_text": "", "subdivision_2_marks": null, "course_outcome": "CO3", "bloom_level": "L4", "marks": 13, "created_at": "2026-02-13T13:31:28.232Z", "updated_at": "2026-02-13T13:31:28.232Z"}}, {"model": "main_app.qpquestion", "pk": 16, "fields": {"question_paper": 1, "part": "B", "question_number": 13, "is_or_option": true, "or_pair_number": 13, "option_label": "(b)", "question_text": "(b) What is polymorphism? Explain compile-time and runtime polymorphism with complete Java programs demonstrating both concepts. (13 marks)", "answer": "", "has_subdivisions": false, "subdivision_1_text": "", "subdivision_1_marks": null, "subdivision_2_text": "", "subdivision_2_marks": null, "course_outcome": "CO3", "bloom_level": "L4", "marks": 13, "created_at": "2026-02-13T13:31:28.234Z", "updated_at": "2026-02-13T13:31:28.234Z"}}, {"model": "main_app.qpquestion", "pk": 17, "fields": {"question_paper": 1, "part": "B", "question_number": 14, "is_or_option": true, "or_pair_number": 14, "option_label": "(a)", "question_text": "(a) Describe exception handling mechanism in Java. Explain try-catch-finally blocks with examples. Write a program handling multiple exceptions. (13 marks)", "answer": "", "has_subdivisions": false, "subdivision_1_text": "", "subdivision_1_marks": null, "subdivision_2_text": "", "subdivision_2_marks": null, "course_outcome": "CO4", "bloom_level": "L3", "marks": 13, "created_at": "2026-02-13T13:31:28.236Z", "updated_at": "2026-02-13T13:31:28.236Z"}}, {"model": "main_app.qpquestion", "pk": 18, "fields": {"question_paper": 1, "part": "B", "question_number": 14, "is_or_option": true, "or_pair_number": 14, "option_label": "(b)", "question_text": "(b) Explain user-defined exceptions in Java. Write a program that creates a custom exception class and demonstrates throwing and catching custom exceptions. (13 marks)", "answer": "", "has_subdivisions": false, "subdivision_1_text": "", "subdivision_1_marks": null, "subdivision_2_text": "", "subdivision_2_marks": null, "course_outcome": "CO4", "bloom_level": "L4", "marks": 13, "created_at": "2026-02-13T13:31:28.237Z", "updated_at": "2026-02-13T13:31:28.237Z"}}, {"model": "main_app.qpquestion", "pk": 19, "fields": {"question_paper": 1, "part": "B", "question_number": 15, "is_or_option": true, "or_pair_number": 15, "option_label": "(a)", "question_text": "(a) Explain file handling in Java. Write a program to read data from a file and write modified data to another file using FileInputStream and FileOutputStream. (13 marks)", "answer": "", "has_subdivisions": false, "subdivision_1_text": "", "subdivision_1_marks": null, "subdivision_2_text": "", "subdivision_2_marks": null, "course_outcome": "CO4", "bloom_level": "L3", "marks": 13, "created_at": "2026-02-13T13:31:28.240Z", "updated_at": "2026-02-13T13:31:28.240Z"}}, {"model": "main_app.qpquestion", "pk": 20, "fields": {"question_paper": 1, "part": "B", "question_number": 15, "is_or_option": true, "or_pair_number": 15, "option_label": "(b)", "question_text": "(b) What are Java Collections? Explain ArrayList and HashMap with examples. Write a program demonstrating basic operations on ArrayList. (13 marks)", "answer": "", "has_subdivisions": false, "subdivision_1_text": "", "subdivision_1_marks": null, "subdivision_2_text": "", "subdivision_2_marks": null, "course_outcome": "CO5", "bloom_level": "L4", "marks": 13, "created_at": "2026-02-13T13:31:28.242Z", "updated_at": "2026-02-13T13:31:28.242Z"}}, {"model": "main_app.qpquestion", "pk": 21, "fields": {"question_paper": 1, "part": "C", "question_number": 16, "is_or_option": false, "or_pair_number": null, "option_label": "", "question_text": "CASE STUDY:\n\nA university library management system needs to be developed using Object-Oriented Programming concepts. The system should manage books, students, and borrowing operations.\n\nRequirements:\n- The library has different types of books: Textbooks, Reference Books, and Journals\n- Each book has attributes: ISBN, title, author, publisher, and availability status\n- Students can borrow books (maximum 3 at a time) and return them\n- Fine calculation: Rs. 2 per day for late returns (due date is 14 days from borrowing)\n- The system should track borrowing history\n\nUsing the above scenario:\n(i) Design an appropriate class hierarchy showing inheritance relationships between Book types (5 marks)\n(ii) Implement the Library class with methods for issuing and returning books using exception handling for invalid operations (5 marks)  \n(iii) Demonstrate polymorphism by implementing a display method that shows different information for different book types (5 marks)", "answer": "", "has_subdivisions": false, "subdivision_1_text": "", "subdivision_1_marks": null, "subdivision_2_text": "", "subdivision_2_marks": null, "course_outcome": "CO5", "bloom_level": "L5", "marks": 15, "created_at": "2026-02-13T13:31:28.245Z", "updated_at": "2026-02-13T13:31:28.245Z"}}]

